Number of analyzed projects,Total LOC,Total types,Total namespaces,Total implementation smells detected,Total design smells detected,Total architecture smells detected
11,9798,86,18,399,74,4
16,85191,1166,142,3710,1357,75
2,89430,783,19,1687,1374,80
5,8194,95,20,147,76,24
14,13265,183,32,123,105,13
5,8194,95,20,147,76,24
7,7382,106,18,65,49,12
2,4302,66,6,33,41,14
4,1957,23,5,54,22,1
12,6161,97,15,105,56,8
6,12687,180,38,292,111,23
7,7236,77,7,155,37,5
4,554,12,4,4,7,0
5,13140,172,8,569,143,2
8,11143,119,19,190,67,10
10,11384,96,23,398,38,8
1,1316,10,1,3,5,1
7,51155,394,25,5377,342,16
3,8341,25,6,175,29,3
4,5510,121,11,94,88,7
18,40165,548,85,854,338,94
2,174,3,1,0,0,0
6,2163,31,19,23,31,0
3,4252,78,17,48,49,7
14,30846,342,38,384,281,47
18,38307,622,98,1736,472,88
4,11001,99,4,640,138,2
2,4713,27,9,22,24,13
9,24833,198,26,534,215,20
5,59137,523,32,1183,1390,119
1,21384,213,29,926,235,68
2,2243,39,5,26,44,1
1,3766,24,4,107,14,1
4,2229,29,7,138,12,0
5,13509,123,13,1258,176,4
85,208215,2060,199,5543,1832,297
2,899,9,6,16,2,0
2,3439,37,3,36,39,1
1,43865,279,10,2146,300,18
5,7389,61,10,400,29,1
7,55432,886,21,1527,773,30
2,54065,422,59,2725,362,135
15,30469,276,37,476,244,14
2,19233,138,13,1389,151,16
3,6393,102,11,61,127,15
6,27003,165,15,181,138,15
1,1195,13,2,78,9,0
4,24943,298,44,2075,141,64
3,11650,177,23,97,105,3
1,1564,7,1,96,6,0
1,1662,20,2,552,9,0
1,4459,86,29,70,40,9
4,11274,258,7,138,101,7
19,21197,131,37,430,149,16
7,27064,138,15,852,160,18
3,511,19,9,0,18,0
6,100524,710,13,6833,670,7
21,55736,571,61,2356,485,80
52,227634,1041,123,23766,1322,89
3,21058,131,7,442,310,7
2,1120,21,5,14,17,1
10,7394,125,19,183,59,17
9,8511,148,36,144,109,14
2,7473,127,7,14,71,9
4,13318,312,6,171,297,6
2,5750,174,3,289,262,1
8,4139,62,23,64,36,6
1,303,4,1,20,4,0
1,253,5,1,0,1,0
11,7428,40,13,828,29,3
2,4061,74,12,52,43,11
88,388227,5396,279,13283,4813,337
2,17660,247,35,246,188,34
2,4956,14,2,80,15,0
3,710,10,4,111,3,0
6,2722,25,1,23,17,0
2,4014,45,5,581,27,2
2,1371,14,4,226,6,1
4,652,22,9,11,18,1
2,3620,37,9,97,26,2
4,761,16,6,33,3,0
1,911,17,3,10,27,4
4,3870,81,8,26,93,4
12,79791,668,34,1734,487,42
5,11064,92,10,210,85,2
1,5200,36,2,80,36,1
2,207,6,4,3,5,0
2,25705,395,70,698,417,157
2,3323,41,10,84,22,1
14,370170,3084,14,61482,2763,5
2,745,3,2,38,1,0
6,14337,182,23,244,240,25
2,543,20,6,8,14,1
11,202229,1575,55,5179,1927,182
6,17016,130,13,1281,180,11
3,2823,52,8,50,48,1
18,76797,1115,102,1209,905,73
5,6421,90,17,75,47,20
4,103388,334,9,16020,275,6
3,73677,436,43,11048,702,169
9,19852,458,72,475,236,72
16,4490,151,33,76,76,11
21,11488,251,76,65,181,32
8,4878,80,42,41,46,20
54,54448,310,57,3727,205,4
4,9948,82,15,398,64,15
1,577,4,1,84,2,0
29,41996,693,67,690,438,80
3,795,22,7,10,10,0
8,6710,88,9,26,51,4
2,870,14,2,18,4,0
3,941,7,4,11,7,0
2,4273,32,4,115,16,4
4,15789,197,25,215,138,7
11,675559,2549,48,15495,7596,122
1,8587,79,3,1325,84,1
1,1062,4,2,67,5,0
2,1135,20,10,23,26,2
2,2214,37,2,20,28,2
22,91152,342,38,1884,749,42
4,17168,234,13,405,275,22
2,524,7,2,6,2,0
2,0,0,0,0,0,0
26,81046,847,65,3816,1591,75
64,1016693,6780,542,47811,7377,526
98,388692,5176,369,8828,3201,226
2,2171,21,7,83,12,0
3,7360,61,12,132,27,0
40,65748,987,159,856,887,166
3,1118,24,4,29,8,0
2,3759,100,4,65,47,4
1,308,1,1,10,0,0
4,2272,39,8,58,40,3
2,892,15,1,14,16,0
2,19468,220,39,225,222,31
1,755,6,1,44,0,0
4,70458,979,40,793,1035,54
6,4031,36,10,61,36,1
8,10564,78,15,430,89,14
11,3110,64,16,195,40,8
38,10714,259,53,285,212,26
1,5889,96,15,550,35,12
4,9270,85,15,67,58,10
14,22766,410,55,431,261,31
2,131,14,1,0,14,1
3,1185,25,3,146,25,1
6,3158,69,14,32,24,6
6,9601,170,22,93,84,10
5,8359,166,28,102,73,22
2,3597,6,2,286,13,1
15,31979,197,28,517,423,4
44,342985,3293,229,10147,2882,317
2,1095,13,3,14,7,0
16,10688,50,21,205,50,1
26,26730,339,77,942,235,73
26,20227,215,52,628,156,21
7,963,15,9,10,15,0
23,22689,359,46,326,181,21
19,45495,390,56,973,307,22
4,1329,33,6,16,26,2
4,4777,80,7,54,34,2
11,84985,478,40,42396,347,48
28,33783,343,80,659,259,14
5,4991,41,9,65,22,3
7,963,15,9,10,15,0
182,111622,1440,343,7351,1216,73
196,225982,1489,277,8539,1139,56
7,5429,43,10,143,45,0
1,8006,129,19,537,110,16
2,10916,123,8,444,102,14
7,697,26,8,0,16,2
3,23271,322,27,1289,291,72
21,37436,339,87,492,252,71
11,36819,258,69,1034,173,19
5,9334,59,15,131,60,2
26,80751,1060,110,4792,442,100
12,26105,308,76,550,187,18
5,3193,27,6,68,31,2
31,118690,1649,67,2173,1096,95
4,58493,2377,96,1415,2251,85
25,43357,510,86,7764,562,97
3,4144,55,7,52,78,10
4,1957,23,7,30,12,0
1,8097,73,7,281,173,24
3,1588,27,4,25,15,2
7,26212,233,34,1092,287,77
4,7264,130,14,64,88,7
4,11323,203,28,173,67,37
4,5852,115,23,79,62,17
23,67188,1110,71,1564,844,108
2,6733,48,11,340,42,18
5,12290,104,19,143,108,21
2,526,6,3,24,2,0
5,12971,68,15,628,96,4
2,1266,8,2,28,9,0
3,2515,14,5,193,13,0
9,5027,92,18,54,81,7
3,3087,60,10,24,47,4
2,3457,41,8,69,22,2
1,1810,24,5,25,21,6
2,810,17,6,3,17,1
26,153401,838,43,3473,1138,57
17,29158,184,39,766,265,11
9,29338,401,57,410,219,118
1,33994,165,2,2274,283,1
33,89362,732,70,2923,589,55
5,3720,30,8,146,33,0
200,923924,8428,995,15019,8158,496
14,56359,410,35,1588,417,24
2,7417,43,4,246,43,2
137,877446,6633,514,42463,7365,467
29,515907,1375,115,37042,2147,167
13,2222,55,18,24,35,0
21,6949,69,30,148,51,1
10,47906,186,13,2084,240,6
10,5031,69,34,149,38,2
1,1787,11,2,291,12,1
1,29161,89,1,2159,265,1
2,172321,1120,10,3457,1979,6
4,3038,102,8,8,39,4
3,8289,141,34,268,202,63
14,13173,217,48,566,186,12
6,980,12,8,95,4,0
1,763,10,2,309,12,0
6,15912,148,42,686,137,6
6,15912,148,42,686,137,6
3,1348,9,4,37,6,0
2,5422,39,5,846,36,5
2,841,11,2,26,25,0
2,353,5,2,4,3,0
5,3349,62,13,23,56,3
1,1905,72,1,30,65,1
8,1921680,13588,762,146416,9442,1437
3,6498,103,9,62,103,11
13,59142,473,70,5162,736,159
2,4954,35,4,166,30,1
1,1514,15,1,11,8,0
3,4471,98,21,109,60,28
5,16817,112,8,559,194,4
5,3303,55,7,14,59,3
2,1175,40,6,7,24,3
11,8506,315,17,135,383,15
3,15085,273,54,142,120,147
2,909,8,2,6,3,0
9,18313,274,22,237,152,25
2,1373,27,5,29,18,2
4,10270,137,29,283,92,11
5,6905,51,10,374,37,0
2,21181,115,7,478,53,2
1,2460,15,5,41,15,4
5,848,32,5,5,11,0
1,513,9,1,0,7,0
30,358093,2180,277,5517,2035,395
4,9090,146,8,91,171,5
4,10581,48,10,327,62,9
6,2883,64,11,87,48,2
1,67791,323,17,2473,485,35
4,4125,82,5,46,68,3
1,2286,20,2,167,27,0
2,3334,15,4,304,15,1
5,32885,126,10,2398,274,4
37,62723,233,42,4796,407,10
17,40257,468,67,923,328,90
5,9985,103,20,112,70,18
1,2787,22,1,184,24,0
1,1247,11,3,13,8,0
1,3834,40,4,895,32,3
7,10154,127,29,187,101,12
2,2119,33,10,18,18,2
8,38822,600,29,1598,746,49
8,2993,50,12,49,35,0
3,6264,64,2,132,41,1
2,530,7,2,25,4,0
4,1331,16,4,80,8,0
2,1165,14,3,19,9,0
1,584,15,1,10,3,0
3,672,5,4,19,9,0
1,740,3,1,41,4,0
6,102452,2125,35,5543,2060,72
8,6931,67,10,418,40,2
3,730,10,3,24,5,0
4,15720,168,6,454,177,7
13,46944,592,51,1117,504,40
8,69435,415,7,5125,284,9
1,14038,201,2,61,112,1
18,26051,378,48,5288,449,16
9,24585,250,10,354,503,8
11,11528,211,36,209,258,10
6,8716,130,29,40,58,6
4,11787,152,9,711,101,6
5,710,15,5,38,11,0
2,5571,139,6,44,141,3
2,8179,118,17,233,101,18
48,126793,1054,116,5547,1174,138
8,7429,152,17,170,134,8
2,1139,23,3,10,18,0
2,245,4,2,11,4,0
32,88630,689,70,6011,844,38
7,4500,65,16,80,70,11
6,7236,96,20,161,45,29
9,3312,39,13,286,17,1
17,18360,265,45,793,233,11
1,47231,275,21,608,577,47
2,2618,28,7,556,25,1
8,843,39,14,7,22,4
15,73837,370,16,1294,341,8
1,2580,36,6,49,12,4
7,30272,352,30,911,134,19
2,6919,182,10,38,167,6
2,816,10,2,20,8,1
2,2044,70,8,40,56,2
6,20509,328,27,410,277,25
6,2206,30,6,82,25,1
4,7483,106,9,196,193,8
3,6399,101,11,27,62,8
6,5251,86,8,178,56,4
2,2279,11,2,20,15,1
18,256778,2075,204,9932,3272,231
14,16874,146,23,1648,262,44
8,2527,30,8,32,26,2
4,1007,22,8,13,7,2
2,1606,8,3,30,11,1
6,6527,60,8,283,68,3
15,166508,860,47,22203,1214,46
10,28906,233,27,1614,342,11
2,2220,35,8,42,24,13
2,10779,70,7,468,74,11
2,1158,22,10,11,7,2
15,167075,2239,387,1076,2261,380
14,22427,259,71,4761,118,18
23,14036,181,60,371,96,6
8,20829,635,11,480,609,18
9,3983,106,25,19,69,6
2,458,7,2,2,2,0
71,163444,1039,122,4736,890,116
1,9110,53,6,2414,57,3
67,19832,461,132,80,305,36
12,14943,156,22,1549,143,4
2,967,26,5,8,22,1
3,2451,23,6,22,15,1
5,51616,568,42,472,758,71
5,51616,568,42,472,758,71
5,55595,782,47,785,579,100
2,25968,433,18,420,272,65
2,14102,103,26,81,97,23
11,19393,259,48,154,271,52
9,82474,1352,141,780,1094,313
14,6240,106,22,141,75,20
7,67926,1020,46,1064,849,83
28,170899,1661,145,2829,1405,197
17,102794,1758,171,1032,1380,392
3,9104,59,22,1019,34,2
6,3149,51,9,41,33,6
7,12412,189,51,924,173,37
1,223,2,1,2,2,0
4,2573,33,9,32,24,1
27,264244,2500,181,7587,2120,313
2,6355,73,3,127,153,4
4,27239,82,5,414,114,2
3,769,14,9,38,9,0
4,7681,69,5,178,57,4
5,13798,87,13,350,76,4
7,31616,464,66,1179,316,40
2,774,8,2,4,8,0
2,7654,85,2,88,132,2
8,5809,102,12,92,84,4
2,2556,89,8,11,71,3
6,8047,109,11,365,55,8
4,2093,58,14,60,32,4
63,74992,287,68,18949,106,16
3,10537,110,10,369,80,10
1,2618,16,2,368,10,0
8,18235,245,18,24,275,8
4,1182,27,8,14,19,3
3,755,15,5,2,12,2
1,778,14,1,1,9,0
3,1736,51,11,18,40,6
3,5933,122,8,85,135,10
2,20994,385,18,605,352,30
4,13341,162,34,136,119,27
7,43860,585,47,1730,749,161
14,28456,155,24,2670,199,10
13,67337,1315,53,2976,1329,210
2,150,5,3,1,3,0
2,1794,87,2,31,145,2
2,1870,65,10,82,25,6
2,1659,13,3,276,16,1
1,167,4,1,1,1,0
2,852,28,5,19,11,2
3,675,11,3,6,4,0
2,613,30,5,5,25,3
2,3015,39,7,305,26,3
1,3422,44,12,42,50,11
2,692,6,2,4,7,0
2,5657,52,14,150,40,6
11,3984,102,28,16,70,4
4,850,12,4,9,4,3
3,26789,419,61,333,195,60
2,2645,49,7,39,30,8
14,14100,164,52,538,96,56
2,6081,69,17,49,31,14
5,2373,35,13,71,22,7
4,1235,26,8,18,6,14
9,229826,741,58,42518,1691,83
13,99588,978,64,550,708,34
5,12696,146,14,246,130,18
2,12162,111,8,1697,196,25
16,7265,168,17,119,216,3
6,5767,79,11,148,47,7
8,14022,116,16,188,113,13
2,1731,14,3,81,11,1
4,4357,37,10,72,27,6
10,14516,272,35,86,230,9
8,2384,27,8,19,24,2
5,2906,36,7,27,26,1
2,727,4,2,163,5,0
64,69906,624,95,1581,586,50
9,97285,889,20,4081,1279,24
7,23876,242,15,370,275,17
4,3047,22,5,133,23,1
4,2566,28,6,56,18,1
8,51963,474,38,1172,480,20
4,3907,44,7,20,69,4
53,687537,5033,145,28297,5249,239
6,49983,343,12,1564,368,1
5,19577,347,31,254,209,35
1,434,8,2,7,6,0
5,11413,305,34,147,289,50
8,47247,291,23,1405,392,20
116,451624,7501,726,16997,3070,567
4,3985,75,14,74,37,11
8,11334,166,30,95,173,3
6,17107,286,50,227,188,98
1,646,21,7,4,19,1
3,3146,69,11,23,61,6
5,15762,281,37,300,225,34
6,5071,120,22,75,85,8
8,24515,392,18,2772,116,7
3,42995,357,47,494,532,108
6,4383,80,19,62,64,6
1,7998,67,13,121,57,17
2,3973,30,2,123,47,1
15,4529,122,25,86,97,14
5,11194,70,11,4952,58,17
2,7999,69,12,206,51,24
3,4042,91,24,28,56,3
106,489358,3789,364,10899,4244,362
55,144010,2689,552,3815,1628,490
2,1239,13,3,33,12,0
73,22533,469,95,418,258,32
96,76134,1065,217,1177,756,64
4,17057,169,24,745,174,12
11,23200,301,70,623,151,38
1,1213,16,3,9,4,3
6,6684,84,12,84,77,5
4,15912,280,26,162,73,23
4,6516,79,7,223,86,4
7,22277,233,37,214,320,45
9,49251,939,25,431,868,34
4,4216,25,4,123,23,0
2,3146,73,8,78,47,7
4,869,20,6,9,10,2
6,2709,36,7,144,40,1
4,18814,123,26,122,176,61
136,260323,2031,292,29009,2383,204
9,92952,244,30,6717,243,11
6,53955,834,91,796,635,171
1,3679,12,1,326,27,0
19,41907,265,75,1206,261,44
3,2603,41,4,63,24,1
16,17805,226,43,406,133,29
6,5430,96,21,382,71,4
1,32829,196,21,695,284,77
8,10396,74,12,352,28,3
5,2579,35,10,42,28,2
2,801,14,6,10,6,0
3,4027,30,4,597,31,2
2,1307,34,5,25,23,1
13,9632,102,24,59,70,8
2,3039,83,22,40,68,6
2,1625,47,6,11,18,5
6,7320,148,18,116,112,15
31,12793,135,36,435,87,6
3,30645,278,22,1399,177,25
8,4030,117,22,31,107,5
31,38827,587,115,541,530,27
2,12968,108,7,500,54,17
6,77710,232,9,8428,357,1
4,2679,45,11,13,24,1
3,2104,18,3,148,11,0
5,3993,85,23,62,50,6
2,6188,23,4,386,39,2
2,26419,232,25,589,472,82
3,7121,44,5,193,27,0
2,36892,184,17,1348,208,40
1,11339,57,4,67,92,10
1,2271,18,3,66,13,0
1,1057,7,1,180,7,0
5,87001,539,52,4511,705,117
12,50241,224,26,3909,227,9
16,38678,792,119,820,624,117
10,25028,153,26,3180,146,4
4,4755,107,8,151,58,3
1,568,21,1,3,6,0
22,26509,234,49,1044,234,9
4,14531,168,10,1434,221,8
1,12652,164,21,1697,167,19
1,3439,27,5,93,34,7
3,2360,57,10,31,43,6
4,14747,137,18,178,95,14
1,3378,21,1,449,11,0
2,1158,11,4,15,7,0
1,1801,10,1,11,4,0
2,288,3,3,1,3,0
2,14074,172,14,58,190,10
2,234,7,3,1,5,0
11,8727,153,40,79,137,8
4,2450,18,7,650,13,0
3,9228,186,22,63,136,14
3,5044,99,12,49,54,7
2,14596,297,24,256,240,18
2,1220,6,2,66,4,0
21,126318,910,78,4869,847,103
10,15500,293,73,759,227,14
3,5069,59,7,181,66,7
4,20943,423,29,565,267,62
25,178570,4981,187,10178,8989,277
19,16158,179,42,172,164,29
1,786,4,1,4,2,0
10,10765,263,12,607,247,11
7,1067,26,7,17,37,1
9,7965,45,9,827,31,4
1,1915,19,1,21,11,1
1,256,6,1,4,0,0
4,4050,26,10,55,26,5
11,26291,653,85,770,559,77
7,21634,206,16,365,232,9
8,6351,53,8,160,90,0
1,1639,16,2,174,22,0
2,1066,64,7,4,93,3
3,1849,59,8,3,49,4
4,14251,297,24,147,137,33
1,1077,14,6,16,7,0
18,14302,298,48,98,176,64
4,35958,809,38,634,653,104
11,15265,488,32,107,335,36
3,11098,242,15,107,199,27
3,23556,459,30,81,470,94
6,101147,907,60,1607,1473,72
2,1001,12,3,174,8,1
13,52247,1185,368,940,704,204
6,9581,80,13,356,93,22
1,2545,23,4,863,17,4
7,2291,17,11,92,4,0
6,15385,258,39,192,268,117
2,1586,12,2,29,14,0
6,2444,55,17,12,41,8
1,1240,13,3,6,8,1
2,2246,24,2,39,73,1
6,18338,275,22,1859,287,45
3,5420,68,11,668,40,6
5,1577,58,9,51,76,0
2,15439,122,5,112,63,3
2,7726,227,6,284,236,11
3,1339,23,3,44,22,1
1,877,6,1,5,2,1
1,768,17,4,9,14,0
1,212,4,1,0,2,0
3,12283,221,22,318,136,38
3,10178,132,16,74,96,10
3,2869,91,17,19,83,19
3,2869,91,17,19,83,19
5,2241,102,23,27,66,4
4,2322,65,11,48,27,5
1,7556,127,20,70,57,26
15,8791,262,39,125,224,19
2,7387,129,25,310,81,21
15,11807,117,17,52,85,1
3,293,8,3,1,6,0
6,1194,21,14,0,12,0
15,11584,230,32,97,195,40
1,1492,12,1,4,9,0
6,21480,222,29,34,92,21
25,21503,293,67,372,237,12
3,1922,28,3,43,20,1
3,12217,58,14,2174,71,3
14,27521,266,29,1151,170,26
2,915,8,2,11,9,0
3,558,10,4,8,5,0
7,13729,143,17,67,64,17
35,1732374,10336,337,62060,9852,850
20,99138,959,69,1754,956,58
3,64304,1112,70,2617,1117,95
1,144,2,1,5,1,0
359,33934,675,355,1382,138,25
2,1084,7,4,61,3,0
2,4794,187,7,34,251,13
3,7597,210,9,118,221,15
5,4294,37,5,141,37,2
3,8153,120,21,164,69,27
3,4806,44,3,100,21,1
4,3759,81,27,39,56,19
4,3137,41,10,10,31,0
9,28342,260,27,2759,332,16
3,41816,463,36,362,580,78
4,6928,127,15,120,137,9
22,46716,568,64,1098,291,46
2,8982,75,2,483,123,3
1,402,5,3,9,1,0
2,960,13,4,5,8,1
3,5551,44,9,62,63,5
5,30245,167,16,703,161,24
1,1186,31,11,5,17,10
15,28401,419,53,2128,299,45
2,9811,59,22,1113,207,14
1,51111,373,28,1034,622,60
15,672008,82,52,2182,181,7
1,3335,51,4,49,44,5
2,943,14,4,58,9,0
1,16021,89,11,3851,184,19
2,35223,193,11,6842,366,16
4,58991,196,5,1762,610,4
6,4917,66,8,58,59,7
1,15372,122,11,3275,82,28
10,11078,142,22,967,146,15
81,881672,6069,502,57483,7220,732
3,1149,17,6,10,4,2
13,51225,502,48,1084,401,86
7,3292,41,8,61,28,2
7,8604,67,11,1217,74,7
2,6898,143,12,278,61,34
2,880,11,3,28,11,1
2,1572,34,4,48,31,4
2,4336,10,5,263,52,0
2,608,10,2,3,11,0
12,34158,223,21,849,205,8
57,532084,3421,554,9437,3869,906
3,2356,29,8,5974,11,2
3,2194,36,10,42,28,17
11,44513,378,26,1317,255,20
5,4458,69,5,82,94,2
4,250285,581,7,13865,1969,3
3,38371,436,9,424,242,4
32,78893,522,104,2272,767,49
37,73768,2246,454,1497,2230,229
1,360,5,1,4,5,0
10,4736,26,11,720,49,1
10,33676,349,47,533,384,60
4,13267,193,20,723,237,27
5,3247,31,8,553,25,2
6,1229,12,5,31,6,0
8,176991,1286,68,10896,2347,62
3,1278,12,4,35,3,1
53,189756,1612,160,4634,2028,229
11,9960,127,30,674,110,9
76,132942,1269,171,8517,1509,65
246,282494,4233,619,7697,2306,362
1,902,10,3,4,10,2
11,119869,564,68,10802,747,103
11,42405,424,39,548,328,56
10,19240,386,22,711,222,29
4,8489,160,27,113,150,13
2,9667,112,10,144,114,19
3,1684,24,8,187,2,0
6,8616,101,22,61,149,18
7,3085,58,11,34,61,13
19,30263,342,39,896,357,41
2,16670,61,3,121,46,2
3,6276,64,13,130,63,5
2,1975,26,8,19,26,2
2,1867,56,2,24,25,0
3,43488,286,4,6477,304,1
6,96806,580,30,1530,501,41
2,17027,166,34,524,135,17
23,129094,751,64,2493,1082,47
1,2854,18,1,61,19,0
2,896,17,2,400,17,2
24,110645,1037,122,4280,1143,140
7,4078,92,12,138,69,3
2,4266,39,10,74,30,9
59,97556,985,116,3272,790,85
3,2950,22,12,27,38,0
2,1239,26,4,21,16,1
4,16299,146,11,10787,67,9
2,1325,21,2,10,13,1
5,2398,23,9,116,13,0
40,43107,387,102,2858,383,70
28,33301,378,80,875,209,20
2,1121,25,3,23,12,0
2,1478,15,3,22,18,1
2,3541,24,3,85,27,0
17,126635,147,36,7887,652,9
10,41015,383,28,1956,729,13
4,1113,20,8,8,12,2
3,6550,98,4,356,99,4
1,3720,23,3,854,20,2
3,17333,262,28,162,244,49
2,672,24,8,3,18,7
10,12082,200,39,146,139,13
6,7856,57,13,94,30,6
2,3163,37,12,22,35,17
1,68,1,1,0,1,0
14,19824,315,98,342,316,15
5,2488,25,10,51,18,1
3,7879,101,10,384,156,24
1,549,5,1,61,2,0
1,379,4,1,5,0,0
2,4770,35,5,219,28,0
1,296,2,1,9,2,0
1,2613,39,3,359,26,2
3,3045,26,4,69,22,0
3,15578,147,7,1151,223,16
4,9558,163,6,452,123,7
18,317154,7044,629,4738,7595,186
18,317154,7044,629,4738,7595,186
59,20013,720,192,352,453,72
1,920,18,3,11,6,1
2,1879,23,5,27,11,1
16,18795,238,27,317,207,10
5,1036,22,7,18,18,1
11,20435,275,38,550,215,30
4,9004,125,11,601,110,10
2,8790,114,23,413,74,27
11,3674,35,14,592,25,0
3,13090,146,16,209,209,28
47,151889,1696,198,4156,1439,264
22,374590,3763,221,4340,3138,380
2,150735,1015,284,1589,1010,516
5,3548,27,9,238,19,1
3,1553,26,8,60,17,3
2,2173,34,4,22,52,2
3,20707,377,49,466,405,31
3,19527,231,57,1096,283,92
5,20654,232,19,462,211,36
2,2819,67,16,56,101,9
4,4370,61,6,150,62,2
2,284,2,2,25,3,0
3,24835,101,5,606,262,4
2,2850,34,2,262,31,0
1,157,4,1,0,2,0
5,9899,431,10,236,409,12
1,43,1,1,3,0,0
3,474,6,3,14,4,0
2,41265,174,3,373,209,3
4,10979,143,28,343,111,18
46,33366,202,54,4122,107,8
15,89662,831,88,2919,1324,129
3,9654,56,9,527,286,6
4,1929,26,9,52,16,0
3,6032,39,3,245,63,1
3,1186,27,3,10,12,1
2,2420,39,10,114,32,13
7,39129,272,18,1060,341,13
2,2901,51,11,38,28,13
1,354,6,2,3,8,0
1,672,7,2,170,5,0
13,94162,302,18,3639,692,8
8,267345,1954,1539,12090,2208,19
15,10944,170,43,932,115,11
2,57066,177,11,1243,200,13
8,2126,25,9,76,16,0
112,301988,1076,159,3655,1167,44
5,18896,127,6,634,154,1
14,175176,486,30,7984,1209,14
17,403489,2596,106,2423,4544,276
3,5048,78,11,125,59,10
13,10184,165,30,170,211,25
2,524,16,2,4,23,1
16,11299,210,20,80,130,14
6,8136,115,18,128,79,10
3,13415,321,8,422,340,17
8,67349,509,30,1231,677,53
16,59420,931,87,4050,466,222
3,10910,87,9,4510,76,6
12,16826,286,41,966,176,63
2,831,9,4,40,6,0
1,3349,17,4,2071,25,0
11,127792,865,52,10876,1000,119
11,127792,865,52,10876,1000,119
3,10751,172,6,118,142,5
2,1632,25,2,211,19,1
21,223642,3572,317,11650,2618,431
4,792,25,6,10,11,1
6,154356,558,21,3809,1549,35
7,204462,1029,49,2736,1225,52
9,24626,334,55,132,559,29
5,21937,264,37,578,120,80
1,49815,207,33,2754,357,91
11,52640,604,55,1634,506,62
11,52640,604,55,1634,506,62
3,6232,69,4,144,58,1
2,21900,410,50,1185,226,117
12,27081,399,57,1139,279,20
76,107712,2768,421,4555,2144,324
2,899,12,5,31,5,0
15,35234,546,50,126,608,81
2,944,36,4,4,29,0
1,5146,69,7,107,58,16
10,57137,308,29,1847,281,11
9,18321,216,15,308,140,14
2,2356,24,6,33,26,3
13,8959,55,15,86,62,4
11,29123,244,33,1403,307,15
15,46962,711,43,1735,491,87
1,666,6,2,181,2,0
13,53003,369,37,508,653,93
1,2865,40,2,316,52,2
2,10056,243,29,398,178,8
3,14362,253,27,197,293,33
15,45009,500,61,1293,432,53
5,14849,267,21,344,366,39
5,12097,144,23,701,278,76
17,8465,117,23,355,145,20
1,905,5,1,68,6,0
1,2237,6,1,97,20,0
2,2221,16,3,18,14,3
8,1190,24,9,12,16,0
3,5108,61,5,455,64,0
1,4173,44,9,182,14,5
8,198506,1131,48,3544,1316,48
2,397,12,4,11,6,0
1,156,4,1,0,2,0
2,119190,250,6,19708,991,2
2,399,3,2,13,2,0
1,1053,12,1,51,16,0
17,77896,943,87,2534,614,93
4,10480,104,20,249,73,8
5,10523,259,18,216,103,24
16,2638,60,16,21,46,3
3,2810,33,4,167,22,1
4,798,19,4,24,13,2
5,3126,34,5,196,12,1
496,158104,2020,594,15834,1391,136
2,17336,242,2,236,326,3
9,7155,116,29,413,64,10
4,42051,286,252,9674,125,15
2,6564,97,7,780,105,3
11,66006,770,31,1723,725,36
1,296,5,2,4,2,0
2,6268,183,14,36,88,44
1,3745,38,6,165,44,2
2,2454,8,3,111,12,0
2,415,4,2,8,1,0
3,7774,130,22,30,101,37
8,32995,218,53,1219,191,63
3,2227,32,12,91,34,2
38,3716,67,9,0,139,9
6,0,0,0,0,0,0
12,0,0,0,0,0,0
17,1797,58,13,11,67,1
4,19,1,1,0,1,0
6,458,14,11,0,18,0
7,1656,73,8,73,59,3
15,42,2,2,0,4,0
4,12,1,1,0,3,0
10,545,39,10,0,38,3
4,29,3,3,0,7,0
17,1208,80,40,0,106,1
16,471,38,20,0,52,0
7,5410,50,4,24,62,3
4,24278,148,6,688,147,15
8,4864,258,14,0,337,7
7,452,49,11,0,64,1
4,12,1,1,0,2,0
4,15468,70,17,711,56,8
3,1704,18,3,53,49,0
4,6402,132,25,106,96,22
7,14510,141,13,78,142,9
1,14868,132,8,985,77,17
1,517,9,2,138,2,1
8,6796,128,30,52,102,14
1,20528,65,4,316,107,8
3,4409,47,4,55,122,1
3,14194,103,3,1313,124,1
2,8462,80,5,121,102,4
5,88301,552,23,1190,732,60
10,20998,74,21,641,95,8
16,78589,904,30,3407,1484,24
32,4587,140,57,70,141,10
3,10911,139,13,83,397,49
4,3942,123,6,78,235,1
5,1429,54,6,7,27,1
1,1251,7,1,74,7,1
1,1002,9,2,64,7,1
5,4279,59,11,22,39,11
3,5351,40,8,414,54,7
6,8935,211,32,236,187,42
5,2239,55,9,31,41,4
2,1662,34,7,13,23,5
2,9599,78,5,1257,125,5
2,2684,48,8,199,34,5
9,24880,364,67,468,258,43
3,2365,40,6,9,44,2
6,78640,438,46,2490,620,104
4,707,10,4,22,4,0
253,831998,8380,1104,16621,6015,1204
2,1386,22,6,28,17,2
2,4654,82,38,258,56,0
5,3087,53,15,57,30,3
4,2746,22,6,182,13,1
2,3466,38,3,240,28,1
1,471,10,1,8,6,1
4,29389,121,7,383,134,4
2,3176,45,5,117,18,10
3,1639,21,5,31,14,1
4,1390,20,7,8,11,3
2,5347,29,3,77,22,1
488,42828,1212,564,299,813,22
6,5051,143,30,68,103,5
1,3720,22,2,646,28,0
3,3991,32,3,322,19,0
1,17462,131,6,3351,254,19
25,15356,212,51,526,161,53
2,0,0,0,0,0,0
2,1424,48,4,45,47,2
3,33698,222,20,450,503,17
19,29469,160,29,4358,93,3
25,10505,108,49,419,55,1
3,3421,58,14,99,42,6
3,1169,40,9,20,40,3
1,14583,70,3,1396,122,3
1,1046,4,3,17,6,0
2,5719,56,9,777,21,16
7,11032,148,25,170,140,18
5,37496,227,7,1591,432,5
10,8583,85,12,127,83,3
10,2476,65,9,50,27,5
4,15567,134,18,97,108,23
2,2375,15,4,31,7,0
2,21193,92,11,628,109,12
21,26102,313,66,2944,173,20
4,3377,34,11,63,32,3
6,51341,355,8,1765,319,3
16,6137,53,16,765,66,0
2,651,5,2,174,3,0
5,22205,309,25,734,220,37
14,11894,197,38,181,110,11
3,48537,222,23,2829,302,29
4,65704,379,28,1886,546,61
4,1350,24,7,54,9,0
7,78912,529,26,6642,770,34
49,154261,2547,379,4585,1411,213
12,10646,121,27,186,98,16
8,8925,128,23,128,144,6
67,157139,1274,152,2770,1743,200
3,29805,187,5,1346,499,8
2,1736,17,3,71,24,0
2,13784,156,2,28,38,2
11,510391,6855,153,3983,14199,223
1,316,2,1,6,3,0
2,323,8,6,28,5,0
2,6450,69,21,135,36,11
3,2993,55,3,22,53,1
1,1195,16,5,14,16,4
2,6740,101,7,193,57,8
11,27716,458,51,283,379,71
7,13462,178,35,900,100,21
4,1288,34,6,16,13,4
5,4957,89,9,304,50,12
2,469,14,5,1,8,0
3,11350,104,5,76,88,1
4,7864,103,9,281,101,7
4,7864,103,9,281,101,7
7,30512,355,40,1160,347,58
67,244428,2773,233,10761,2490,323
2,1841,8,2,52,7,0
8,36376,425,36,694,241,22
2,1483,25,3,26,11,1
3,454,7,3,14,5,0
5,451,11,6,15,8,0
6,61937,402,77,1740,289,75
8,3026,64,10,160,45,6
37,12281,332,87,149,153,18
2,1115,26,5,18,11,8
1,572,12,2,2,5,2
3,1109,22,8,13,24,1
2,473,10,2,4,6,0
2,7544,70,6,32,39,3
6,3421,48,16,31,32,4
2,2074,39,6,14,35,4
2,24,2,1,0,2,0
2,8064,66,7,520,67,4
4,3839,55,7,37,37,1
24,208474,587,58,8349,620,28
1,168,6,1,6,0,1
1,1659,14,1,65,11,0
10,62849,593,44,858,562,66
2,438,7,2,0,4,0
1,319,5,1,5,4,0
1,65,3,2,1,2,0
2,1052,5,2,349,5,0
3,9528,120,15,266,87,6
2,2296,21,2,12,30,1
7,18009,249,40,376,183,16
10,40963,190,12,1785,161,9
7,21313,145,7,862,175,5
4,24859,94,3,713,177,3
3,1785,23,9,93,11,0
3,1735,30,5,90,28,2
1,1462,23,3,21,15,8
18,40165,548,85,854,338,94
61,435998,3334,283,11985,2881,169
3,3158,53,6,92,34,7
13,11283,116,16,889,87,9
2,15385,224,42,178,141,17
3,2136,47,10,14,38,5
4,156086,992,43,3223,1606,96
1,2787,30,8,70,33,3
10,43253,398,40,3052,274,47
3,25505,268,23,486,336,31
1,1788,31,15,2,28,0
2,5482,101,11,23,93,23
10,229729,608,92,9173,1478,177
5,22990,164,62,1508,83,12
4,13394,36,7,780,51,1
11,26794,479,55,502,339,95
5,3245,61,5,26,34,3
1,27836,78,4,362,146,11
1,3677,83,21,178,69,4
63,150571,1682,116,3828,1357,82
2,2047,52,9,13,36,9
24,10105,137,51,178,72,28
21,30465,377,62,1866,300,37
2,7994,106,4,64,64,5
11,12268,475,70,28,372,30
2,868,12,2,27,5,1
1,945,16,6,101,16,0
2,4384,74,25,73,57,5
4,9620,51,7,202,35,3
5,1984,26,8,28,10,3
1,15112,76,6,5345,131,15
4,58976,1012,40,94,1959,114
7,1997,34,12,187,19,1
3,2675,25,8,10,19,1
5,15434,323,66,255,147,62
3,10356,131,23,461,59,13
3,1502,20,5,33,25,4
5,8210,115,20,1588,124,9
1,10672,57,3,622,63,3
7,7565,96,19,190,119,2
1,2933,28,2,585,7,0
3,1821,22,5,58,11,1
9,14023,242,46,233,118,32
44,17076,270,78,264,220,44
5,7380,66,6,739,45,0
3,31713,265,25,1182,245,46
8,174190,1656,67,13538,2989,157
11,395934,2565,62,8284,4973,130
15,42941,180,27,1451,144,14
4,2546,57,12,69,44,2
3,5980,40,8,72,24,2
21,39667,468,58,558,286,16
4,3161,68,7,37,51,2
3,1298,16,4,15,15,3
15,11484,192,40,117,151,20
38,18299,342,97,223,239,18
31,7006,154,65,54,101,3
5,57811,561,51,738,483,109
2,3039,39,5,22,21,3
2,1386,32,5,19,19,2
4,5706,84,12,29,70,3
68,37669,434,150,2347,248,15
2,5674,73,17,43,28,18
19,8544,150,32,96,96,10
4,19821,294,63,271,366,23
2,4752,45,6,528,44,5
15,18668,222,43,804,211,25
69,711031,7874,395,15243,7654,493
1,1653,73,3,7,97,2
10,4323,72,18,68,31,3
2,1979,29,10,112,18,1
4,10803,95,11,173,59,2
3,2341,43,5,33,37,4
3,4832,45,10,546,31,1
10,20879,354,71,185,277,25
2,1866,27,6,53,43,3
102,245530,1416,187,39358,1510,123
1,578,3,1,1,1,0
1,474,4,1,2,7,0
7,16847,268,49,2168,298,59
5,32764,262,38,571,466,121
3,13225,213,9,200,60,6
2,5679,122,8,61,35,18
8,28605,168,11,4982,278,14
2,2930,83,7,28,43,2
6,13586,235,39,414,131,64
12,189095,837,29,14880,1207,23
3,6572,55,3,113,40,2
8,4352,39,9,144,16,1
2,35008,390,89,551,272,179
3,4473,121,14,34,40,15
13,34379,424,118,1928,273,93
47,33681,1025,785,785,779,4
18,60398,443,50,1028,456,16
1,0,0,0,0,0,0
1,3628,31,4,251,47,2
2,6961,204,7,76,405,8
2,3535,40,8,81,14,6
6,4793,123,29,70,59,15
4,56402,937,74,1359,646,121
3,7904,219,20,158,250,23
7,6280,125,12,61,102,8
1,1958,12,1,55,11,0
5,4354,74,13,150,21,7
3,17511,42,6,711,34,3
1,2363,16,6,142,7,2
20,35440,476,33,592,735,30
4,26699,331,39,1531,275,29
14,833528,4812,337,35612,4435,731
1,718,9,2,9,7,0
7,8118,92,13,164,61,15
27,39147,420,36,281,321,22
4,2925,41,4,18,21,1
5,5589,96,16,65,67,15
1,2462,43,3,97,36,2
1,1375,14,1,49,9,0
1,0,0,0,0,0,0
4,27930,233,25,278,265,38
3,563,10,5,5,4,0
10,16474,259,17,425,341,24
4,19222,195,9,223,149,14
17,12346,126,55,130,102,10
31,149938,1325,387,5753,1594,188
2,11504,258,26,164,197,63
9,923,35,11,12,22,2
3,14369,639,14,176,369,5
1,439,5,2,8,4,0
2,1013,18,2,7,5,0
2,12268,231,6,338,296,14
22,16769,288,57,143,192,35
1,4939,36,1,244,69,1
6,40378,238,18,1257,440,12
2,18704,233,30,239,172,72
2,1218,29,3,12,18,1
3,5346,85,9,153,47,4
2,114,9,2,4,12,2
3,320,5,3,35,4,0
5,13225,146,24,781,85,13
7,25749,133,27,10688,98,24
5,4817,85,18,50,55,12
2,4494,46,4,303,29,3
11,2693,55,22,42,55,2
14,6232,114,30,90,61,14
7,5981,98,33,83,44,8
11,33325,259,55,3777,127,74
39,63136,263,38,8020,232,25
12,2422,56,19,45,46,3
1,318,7,3,2,2,0
30,2349,74,30,32,62,3
2,2009,29,3,19,21,4
3,178773,1591,38,7757,1486,104
4,12714,133,21,130,124,7
4,6132,78,11,1376,53,11
5,16931,408,27,394,459,17
3,880,23,7,5,10,8
4,1293,21,6,6,9,1
10,3273,95,17,12,52,9
9,96104,511,64,974,561,84
2,1502,49,14,2,22,16
2,2344,24,7,193,11,9
1,1175,19,2,41,8,0
1,2492,28,2,80,15,0
1,55624,324,21,974,496,74
4,104400,761,77,2432,1119,247
5,21651,145,17,2865,91,9
5,2603,38,9,61,17,1
4,23971,185,16,1159,137,15
1,994,20,5,9,7,1
4,5342,65,8,35,21,12
15,118664,1146,70,4648,1247,58
5,203941,1250,62,4527,3163,127
7,13614,148,21,521,80,11
2,17491,207,36,166,429,48
17,6526,248,34,178,248,12
5,301,14,5,2,16,2
1,778,14,1,11,11,0
347,6117,97,23,193,23,5
1,20166,105,3,3053,184,1
4,9760,81,6,612,107,7
8,51105,669,18,3081,1076,24
6,276,8,6,1,7,0
3,6960,42,2,100,47,1
2,1660,19,2,51,17,0
3,1046,39,2,10,30,0
2,1666,19,3,62,17,1
3,21074,210,14,303,192,32
3,274,4,3,5,3,0
10,81557,842,46,3028,807,77
5,18322,249,5,1587,256,4
4,8374,117,16,273,70,24
4,809,18,4,26,9,0
2,998,41,12,12,0,26
4,1794,15,7,63,11,1
3,3249,43,8,85,106,1
9,2899,61,12,261,34,6
2,21414,202,23,469,211,19
2,4996,44,2,123,27,2
1,4145,15,3,489,31,1
22,31769,758,66,646,515,102
4,23447,660,74,356,675,26
2,5700,52,11,99,28,17
2,5904,53,9,90,86,7
80,490424,7090,775,9341,8841,399
3,2048,52,9,482,70,2
1,498,10,3,1,7,1
3,10654,166,17,357,101,32
3,28419,313,5,1581,196,4
2,5020,56,3,47,17,2
12,4517,47,13,68,37,2
24,4066,110,36,79,30,0
2,1387,12,2,344,6,0
3,1997,12,3,11,12,0
3,2864,48,9,27,17,14
9,27970,464,17,759,550,30
6,6555,109,13,65,84,9
3,4398,82,7,63,51,4
1,42436,240,2,723,247,2
6,41341,427,21,590,816,62
7,38048,494,51,1962,565,136
5,29362,249,68,732,268,30
1,4901,88,7,56,90,10
4,1551,15,8,8,9,0
10,25938,294,19,1221,335,22
3,11080,94,9,300,76,3
17,17371,109,18,3720,71,2
1,1996,47,7,9,45,2
1,907,16,4,7,18,1
1,5893,35,9,38,29,0
3,1710,18,3,27,9,3
18,5898,193,30,100,191,13
5,2687,75,18,35,57,4
3,6652,151,13,95,132,15
3,6603,131,19,118,117,28
1,2698,48,11,49,40,8
6,12312,157,15,299,100,29
9,2021,66,24,10,53,11
1,4549,14,2,308,17,1
7,16884,220,39,86,171,28
13,14779,264,51,129,145,32
3,4351,75,15,40,49,8
4,8133,111,7,1149,92,4
2,1963,28,7,29,27,5
14,14326,250,24,207,180,12
4,13167,118,14,412,143,6
3,9562,120,13,337,170,6
2,998,16,2,18,4,0
8,3234,93,18,90,87,19
94,35167,580,128,945,287,59
2,5394,54,13,42,22,5
7,6069,51,14,284,23,4
5,28105,245,30,477,126,25
1,2435,13,2,595,22,0
7,52194,503,27,2369,586,27
4,18972,260,19,131,162,13
3,19639,130,4,572,116,2
93,356406,2545,210,6238,1537,338
2,5164,48,4,50,19,4
3,5713,64,11,134,51,31
2,1710,47,5,9,25,7
2,8217,136,4,1152,127,3
1,340,6,1,5,5,1
4,5114,50,6,156,61,3
17,15601,148,26,518,303,17
11,1604,31,13,44,24,1
14,90472,975,68,9390,1037,112
4,6322,104,4,88,82,3
6,1539,45,9,12,36,2
4,8949,57,7,169,58,3
6,15246,298,61,483,240,51
5,561,8,3,6,5,0
2,818,15,3,15,9,1
1,1854,10,3,12,3,0
19,15015,229,50,286,178,13
1,46375,317,40,2744,412,91
2,712,10,4,72,3,0
1,1106,16,6,5,11,3
5,7546,94,9,136,112,10
3,361,12,4,0,11,0
8,6586,76,14,73,49,6
5,10153,56,6,249,40,2
5,1359,24,6,0,18,1
1,301,9,1,3,6,1
4,3098,81,13,33,29,2
3,1112,33,14,13,15,17
10,1555,48,12,18,15,0
2,479,8,2,11,5,1
1,666,5,1,25,3,0
17,12799,448,46,151,407,26
3,6339,225,17,65,308,24
4,18576,177,26,270,173,40
5,5890,72,22,78,94,4
2,207,5,4,1,3,0
7,15988,256,8,457,151,4
30,42109,612,38,2694,595,30
5,8928,70,7,161,162,3
4,4570,42,6,116,40,6
2,608,20,5,25,5,0
6,8141,186,62,120,111,97
9,28885,501,64,622,371,92
5,37711,562,29,858,787,42
6,693,22,9,0,17,0
4,5922,87,11,18,64,6
11,11071,125,17,152,113,5
3,7266,98,15,63,68,11
2,1945,19,3,9,20,1
41,17162,378,78,752,282,19
3,6478,109,7,122,34,21
3,46357,411,9,1512,375,31
1,3702,27,1,280,22,0
3,1044,6,3,28,5,0
5,7239,31,5,1966,15,4
2,1646,15,3,235,15,1
69,16982,432,90,813,236,45
2,49781,194,35,1397,283,58
4,1700,12,4,83,7,0
9,378538,1121,50,9627,4456,92
1,2040,29,5,507,13,9
3,2348,43,5,25,35,2
10,31056,313,39,2065,182,23
2,3968,31,4,143,26,1
16,18320,129,24,854,96,16
13,49323,572,91,1427,430,186
4,841,30,9,0,26,2
2,1697,24,4,31,15,1
11,17899,359,54,216,226,28
2,592,11,2,7,3,0
3,19828,307,25,494,214,27
6,5341,111,10,235,77,5
2,23,1,1,3,0,0
2,2252,33,5,15,21,3
1,212,5,3,0,5,0
1,3979,55,9,331,51,2
11,1326,33,10,31,25,1
4,2388,49,10,41,25,5
2,7235,85,7,179,43,5
3,3048,50,5,60,42,2
4,33729,173,10,1339,489,3
1,5220,64,11,134,62,17
2,1152,8,2,20,5,0
2,1270,30,4,28,22,1
6,13373,204,41,209,118,56
3,4910,77,15,177,35,6
1,1706,20,3,239,9,0
2,11264,127,11,868,123,7
3,669,13,3,7,16,1
2,654,16,3,8,10,2
7,6941,175,30,196,81,15
10,60059,697,122,521,457,230
8,72525,893,53,1351,3850,58
11,33702,381,25,800,425,19
3,5607,99,6,27,73,4
1,3794,41,8,256,21,22
2,9606,153,18,154,190,28
3,5987,62,3,116,58,2
15,9486,184,38,213,69,31
20,22469,300,60,723,261,60
5,1967,39,6,23,22,0
3,30581,219,16,331,439,18
1,2784,44,11,11,44,22
2,58417,224,6,615,524,15
1,64035,215,9,628,500,22
18,31218,447,44,1316,585,33
2,559,8,2,10,4,0
5,9028,94,16,505,69,19
11,20293,231,62,1159,183,24
20,82082,668,79,1372,694,74
3,917,19,6,26,14,0
3,7360,61,12,132,27,0
2,911,9,2,22,4,0
10,14964,241,45,102,104,41
14,6568,153,21,77,81,7
16,50775,460,50,953,277,25
18,22483,278,42,630,192,25
15,43043,576,63,1114,302,45
2,1000,28,2,12,27,0
5,91595,1169,17,9580,1181,33
3,24243,171,8,946,355,27
2,22345,165,4,1531,183,6
2,510,7,2,72,2,0
2,9574,68,10,710,60,30
17,60533,806,54,2735,738,34
2,5729,37,4,44,70,3
6,2380,73,13,7,50,4
11,3485,85,28,20,51,10
3,1795,60,12,15,46,8
2,768,15,3,7,11,2
3,473,8,3,11,6,0
2,1483,44,6,66,40,0
3,1540,44,7,18,25,1
7,10953,74,11,220,69,4
1,1707,33,9,7,17,2
2,500,4,2,2,4,0
3,23916,132,14,821,171,15
2,7683,90,8,841,169,8
10,40260,335,31,270,224,25
2,1172,16,5,38,10,2
2,972,19,5,17,18,3
1,3984,34,11,197,20,24
3,2084,8,3,36,6,0
1,1812,12,2,76,15,2
1,346,4,2,0,1,0
13,1045,30,13,5,7,1
4,7956,197,27,127,74,36
1,3793,32,3,205,49,1
2,880,38,3,3,33,0
5,17579,175,31,135,134,33
1,28,1,1,0,0,0
4,2101,29,9,42,24,2
7,6860,94,17,99,52,10
2,3460,74,10,63,37,12
6,230239,1980,87,40056,2392,157
6,30231,401,17,559,349,16
2,266,3,2,14,0,0
1,251,5,3,0,3,0
3,1000,10,3,5,13,0
2,1979,31,7,20,26,3
6,6176,103,12,69,43,20
6,6176,103,12,69,43,20
2,1473,7,2,48,8,0
5,18876,522,48,296,402,85
2,13203,93,4,241,18,1
3,4450,40,3,99,25,1
4,30463,112,13,686,305,17
7,54769,491,50,2470,556,63
3,74605,717,57,1892,652,173
3,2250,25,4,37,17,2
11,6085,102,23,80,70,9
16,39924,538,33,1307,304,29
48,73611,741,83,5219,455,21
1,2020,21,6,149,31,0
1,3911,17,1,80,21,0
3,4626,32,3,428,55,2
1,1546,15,2,341,9,0
3,131478,755,13,5904,1175,7
1,1251,12,2,311,6,0
3,3359,79,8,47,66,5
3,18509,294,8,246,209,5
5,7779,97,7,33,205,5
6,3070,46,7,10,54,2
16,678384,2679,59,17337,7466,126
6,19415,333,20,108,1180,17
7,5449,49,7,97,52,1
2,3331,30,8,299,22,23
5,19967,164,9,338,234,15
5,31084,161,9,19435,209,7
4,10388,74,21,434,48,7
7,5210,124,21,50,46,18
36,23780,332,59,688,146,19
11,15834,127,13,294,161,7
5,4391,59,10,107,44,5
1,1001,16,5,12,11,0
2,2912,18,2,27,14,0
2,6335,39,2,270,53,0
7,13240,31,6,286,69,0
1,52095,231,3,4139,430,5
1,67515,363,24,3449,539,51
1,52095,231,3,4139,430,5
4,9820,88,13,230,133,25
2,3105,33,4,42,18,9
4,42117,554,75,610,600,78
10,92578,538,33,7234,808,40
3,3391,9,2,366,17,0
2,704,15,4,57,8,1
1,3321,52,14,48,29,3
10,4755,135,21,58,104,16
17,35045,286,45,3549,308,21
5,919,24,7,8,11,1
13,19937,198,46,404,224,36
18,18215,289,29,574,140,12
16,14496,182,20,555,133,6
4,191305,1815,45,17963,3088,199
6,1539,30,7,39,23,2
2,0,0,0,0,0,0
1,342,5,1,7,6,1
15,11792,197,38,139,144,51
2,518,10,1,13,7,1
8,18136,186,17,510,125,14
10,47709,293,32,3275,327,35
4,23421,237,8,735,381,5
12,83300,757,30,1686,1035,34
9,11033,174,26,109,262,36
1,2439,18,4,76,11,2
2,4398,47,4,56,33,3
7,16399,150,31,372,81,13
13,328498,3504,113,13875,5025,282
2,9397,48,8,338,67,8
2,3447,70,5,81,59,4
1,4312,34,5,136,48,0
3,1107,7,3,17,6,0
7,30444,74,12,1581,220,6
3,1941,63,11,21,50,5
2,5138,42,5,310,45,5
13,69872,874,142,5094,451,214
2,7098,91,9,617,63,5
2,1040,12,2,14,10,1
6,5767,79,11,148,47,7
6,5767,79,11,148,47,7
29,94769,1035,155,2040,585,123
4,18961,133,15,459,156,24
2,3799,40,2,58,42,0
14,32914,328,39,384,307,33
12,41747,287,43,384,367,9
2,793,6,2,11,2,0
19,275330,1869,65,4538,2299,49
50,16972,360,108,90,270,27
8,103373,1019,56,5494,1001,181
2,4698,25,4,148,30,0
15,3210,39,15,28,33,2
1,0,0,0,0,0,0
1,543,1,1,19,1,0
37,181928,1440,67,13019,1108,122
1,1418,15,2,514,6,0
1,2811,22,3,70,14,0
9,13663,201,43,204,104,20
15,3983,63,28,51,45,9
4,968,21,6,11,13,3
13,20564,189,37,628,298,6
1,1527,22,3,13,12,4
2,1204,18,2,34,6,0
6,7089,128,24,186,52,8
14,16694,426,64,1164,405,27
1,4553,43,3,245,53,2
5,2922,51,11,172,23,19
3,16606,84,6,1144,80,5
4,670,12,5,32,6,1
2,6146,62,2,134,153,1
8,4910,94,13,27,63,10
14,39626,477,74,1800,267,92
6,8013,102,19,101,60,10
19,17420,319,68,435,236,33
12,22012,541,54,387,608,35
1,2065,13,1,46,7,1
20,91437,555,95,7514,440,102
4,6716,58,9,216,46,10
1,360,6,1,11,4,1
1,661,9,1,9,8,0
1,1081,23,1,10,39,0
1,3285,59,6,27,47,5
1,810,19,3,11,16,0
2,376,6,2,20,5,0
1,237,4,1,3,3,0
1,136,1,1,1,1,0
1,706,14,1,13,10,0
1,23212,327,9,431,286,1
9,48017,751,49,954,575,101
7,35380,530,39,682,367,41
7,6882,113,26,143,56,16
18,25274,233,46,5530,276,41
18,25274,233,46,5530,276,41
1,4110,53,6,158,36,2
2,804,8,4,10,8,0
9,9302,67,13,659,66,1
30,179522,917,59,4295,1808,12
4,5045,40,10,280,44,0
1,1401,9,3,434,4,0
1,1310,10,1,27,13,0
4,13236,112,15,240,134,22
7,12063,194,68,76,115,27
5,29974,246,14,2048,433,5
1,11180,64,4,249,64,4
2,943,27,9,3,20,8
2,4997,84,12,102,76,6
2,954,28,2,6,7,1
1,489,3,2,2,1,0
3,11149,109,16,637,113,16
2,4643,38,4,83,65,0
12,76413,1079,53,3508,938,58
11,4161,65,13,20,38,4
2,2871,19,4,144,21,1
5,13812,61,11,356,141,14
10,20497,97,10,524,61,2
1,6852,69,4,330,193,5
166,397242,2968,396,8427,2779,261
3,355,19,6,1,10,1
3,355,19,6,1,10,1
2,2019,34,5,196,37,1
4,13553,161,40,834,127,6
1,2392,28,3,24,20,1
4,359,9,5,6,3,2
1,1747,15,3,269,14,3
17,15756,417,59,950,297,43
3,1211,20,4,21,15,1
18,37021,503,36,1276,513,25
1,4461,53,3,151,25,2
34,18143,493,59,171,347,66
3,630,13,4,5,9,0
7,5665,95,21,68,79,6
15,337891,1257,144,18221,1562,265
12,5231,55,16,567,78,4
2,1166,32,2,13,4,1
2,3448,28,2,50,12,0
3,2086,26,7,146,31,0
3,2759,34,7,85,13,2
22,1687,59,22,109,37,3
4,9695,55,6,60,46,3
13,13569,221,29,170,128,21
2,1316,45,5,53,21,4
3,2378,74,4,16,24,3
15,8906,61,14,70,69,1
5,19210,264,18,183,265,42
3,1523,29,4,4,23,0
1,831,5,2,161,2,0
6,2122,68,28,19,67,0
6,8656,92,27,291,53,12
3,55457,167,30,4709,316,42
6,8656,92,27,291,53,12
15,582875,2116,284,96145,5943,376
5,17465,160,37,7530,131,10
14,31480,1267,84,149,1431,102
70,206494,1468,131,13658,1675,88
14,224827,1327,85,9471,2229,199
6,23783,131,9,2007,156,4
2,42,2,2,2,2,0
2,303,6,2,6,4,0
4,3479,71,9,271,88,6
4,4537,91,8,36,43,4
1,427,8,3,22,6,0
9,21286,159,20,254,81,23
16,5291,84,21,27,63,5
29,62679,458,44,2115,532,21
9,16155,250,14,473,187,9
4,12930,93,15,418,60,13
2,230,5,2,12,4,0
3,2205,37,8,48,19,4
5,1516,37,8,36,19,10
2,1140,23,2,5,19,0
29,50962,737,71,987,586,79
2,1328,15,5,256,7,2
1,1806,15,4,250,8,4
2,227,2,1,12,0,0
6,42134,492,60,3859,428,113
3,7514,143,34,171,91,105
3,5028,50,9,67,44,7
3,4119,45,4,246,17,1
8,36987,306,28,330,278,13
4,6460,88,20,77,76,14
9,22045,499,144,201,293,44
1,4644,61,10,151,50,4
10,14158,73,16,395,115,24
17,44296,590,56,1050,228,49
9,14167,294,42,422,243,30
2,646,15,4,20,13,1
4,600,13,4,2,11,1
2,1605,32,3,62,20,1
15,169853,729,47,1811,842,77
7,68048,256,18,2578,727,8
1,700,14,1,7,9,0
4,21004,276,24,1145,305,25
1,718,4,2,3,4,0
2,10370,52,16,149,61,8
1,3679,7,1,24,9,0
108,884528,5204,420,55825,7271,519
8,188890,917,96,7805,1381,233
14,207342,1293,279,3848,1427,299
1,1744,10,1,8,19,0
2,13242,86,1,187,145,1
24,62013,356,32,1684,511,30
2,5847,81,22,433,33,61
13,23106,465,40,155,372,25
2,2076,25,7,32,6,1
3,6875,80,7,35,37,16
2,2607,27,4,72,25,2
4,9284,189,28,119,105,28
2,520,4,2,20,6,0
1,450,4,2,279,1,0
3,1874,29,11,37,22,3
11,205793,1969,272,3039,1805,443
3,5257,21,4,805,23,1
4,15672,88,16,1515,89,20
8,14103,136,19,389,139,6
1,1504,15,1,55,8,0
4,11451,52,15,372,40,0
2,1023,36,6,9,33,5
8,41898,231,16,803,303,17
4,16010,293,14,302,133,28
2,4855,16,2,132,14,0
2,1663,16,2,22,19,0
5,14264,61,4,405,80,3
3,14718,111,9,583,112,4
7,53215,371,22,1808,410,36
3,14172,279,22,191,218,43
43,87272,2287,119,3773,2376,106
9,1051,44,10,7,23,0
4,4499,76,5,132,54,4
8,5286,85,8,43,36,4
3,5833,103,18,193,80,29
1,564,7,2,311,1,0
4,19852,305,19,392,295,56
12,14369,148,31,234,149,16
2,52846,273,27,3038,649,26
3,1149,12,6,123,5,2
4,4525,53,12,800,41,5
10,28550,420,45,215,267,25
1,1197,16,6,7,2,1
19,17482,320,76,296,210,20
12,95353,597,16,2581,905,8
16,55777,572,62,1067,510,115
2,8025,52,3,567,48,3
2,3418,18,4,6173,19,0
7,55400,1747,8,100,2724,3
14,11083,109,21,834,168,13
3,11741,80,14,93,45,10
3,6507,87,11,180,32,24
2,3915,14,2,299,13,0
2,0,0,0,0,0,0
1,2998,17,3,61,5,4
1,3912,17,5,79,17,3
5,7180,36,15,23,21,1
2,3156,26,4,21,9,1
10,25489,134,25,352,216,15
2,1813,12,3,41,7,1
15,17590,190,20,358,217,21
14,30661,264,24,33723,227,13
15,17696,199,43,456,194,13
4,14946,168,6,505,172,5
1,10534,109,3,409,97,1
5,38910,145,5,1474,212,1
3,4183,60,6,174,47,7
1,16257,70,6,957,67,11
2,9847,156,14,108,162,35
3,6980,143,15,189,153,25
2,3505,53,9,55,41,6
1,340,6,1,7,2,1
3,780,12,4,19,7,1
7,3764,46,15,200,29,1
62,466528,1450,254,7941,1690,77
4,1948,36,5,38,23,0
11,4387,93,15,58,35,1
1,635,22,2,14,9,0
2,35334,499,34,596,804,122
13,4026,61,15,242,56,3
3,196,9,2,1,5,0
3,4914,120,31,55,55,10
9,10227,109,2,170,137,2
5,7551,64,5,170,63,2
2,1279,23,2,4,18,1
3,1133,48,14,21,20,3
3,1368,31,7,23,20,2
4,3269,47,10,31,38,2
2,2913,30,4,122,18,1
11,122645,848,42,4248,595,75
35,62906,583,97,2142,428,54
9,61760,406,44,8382,380,61
3,7103,28,3,117,21,0
13,84303,693,27,2946,616,53
3,16222,197,18,287,174,10
1,7260,44,6,1043,70,2
3,4887,61,6,249,36,4
2,961,8,2,16,13,0
4,2517,22,6,40,24,0
4,43198,215,19,5528,283,17
5,20519,526,6,156,1340,4
3,2527,21,2,325,18,0
5,37535,227,7,1591,432,5
5,48258,310,21,2117,539,23
11,21427,179,25,2030,189,16
5,3417,46,11,367,27,4
3,10281,61,7,178,51,7
13,17335,188,23,332,125,23
3,1214,4,3,3,6,0
3,672,15,5,167,7,0
4,4124,100,13,232,71,6
4,8248,142,17,143,106,10
47,59470,693,124,1828,373,128
18,459140,3389,234,13800,4853,289
3,881,11,4,54,7,2
9,2385,42,19,11,22,3
31,96487,861,81,1919,535,90
1,377,8,4,21,4,0
5,9459,82,12,2756,44,11
48,386803,3902,284,10507,3537,465
26,71197,572,51,5618,425,20
23,163343,2059,70,3307,2303,86
3,10742,52,3,717,101,1
3,8643,105,6,163,129,11
3,10335,86,7,211,133,23
15,675595,5021,258,12227,6689,874
34,161288,1335,114,3382,1725,128
10,57994,590,21,1071,1015,17
4,8623,150,11,246,234,6
1,1113,9,1,13,10,0
8,13583,162,13,378,200,10
32,49325,378,43,878,539,31
62,139581,2512,112,2733,2216,56
13,37328,512,27,719,499,36
2,3125,42,4,46,90,4
4,10062,120,9,185,144,8
404,967773,8462,650,22226,10600,1104
3,7476,78,6,48,112,3
7,50155,424,42,1951,728,104
56,16150,250,56,1006,122,8
2,351,7,2,12,7,0
6,265254,1632,60,5971,1937,357
65,403796,5308,326,1513,4724,260
12,652978,2436,48,15378,7295,119
109,1634477,7566,776,58601,9083,828
5,134022,480,46,103177,1190,155
1,743,3,1,62,4,0
3,3528,33,6,407,15,0
20,159267,1628,39,6552,1983,61
18,3159,69,22,78,48,2
2,6127,28,2,49,38,0
2,2506,40,7,30,15,0
1,485,4,3,11,3,0
3,1445,40,8,6,41,5
2,39514,679,14,1283,573,44
3,7879,101,10,384,156,24
8,204636,2672,381,15140,2467,204
7,2098,38,12,22,24,3
1,1631,11,1,34,20,0
56,197898,2447,165,9946,1883,237
4,8937,154,21,589,50,6
2,5795,80,12,1035,44,17
4,3584,46,5,193,29,1
39,56818,708,91,1799,549,128
2,6059,68,5,153,53,2
2,3694,40,2,76,24,1
5,47597,479,74,1289,734,19
2,2715,26,7,23,13,2
3,4727,54,7,100,34,0
2,760,29,2,19,10,0
3,1029,22,6,25,15,0
4,14074,187,36,178,126,43
6,4795,118,19,123,80,8
2,2373,41,8,50,38,1
2,9095,155,15,124,135,22
1,0,0,0,0,0,0
3,2464,39,7,21,18,5
3,3238,36,6,125,19,2
4,11245,67,4,323,72,3
2,15000,183,6,217,96,4
6,26895,314,35,102,337,47
4,10051,261,13,61,279,7
4,2373,25,6,42,19,0
4,31643,158,19,2488,145,34
31,1596943,8997,145,97313,8488,322
2,266,4,2,13,0,0
2,14469,106,4,596,127,4
12,27600,170,35,760,242,12
19,12055,146,26,222,127,11
6,30013,195,27,461,194,31
11,78379,571,75,993,572,81
58,46409,1180,98,883,1760,38
27,42660,571,138,1201,413,62
27,42660,571,138,1201,413,62
5,21131,220,25,1060,252,20
15,43080,546,74,2387,287,58
3,5293,141,12,108,66,27
16,167103,1526,212,2235,898,468
17,7788,198,61,987,118,17
2,49690,311,7,4051,700,5
24,2661,73,24,87,34,0
2,339,11,3,4,9,1
2,291,3,2,0,4,0
2,11638,144,4,96,164,4
2,2157,43,2,11,50,3
3,6313,131,15,114,166,20
6,26025,400,8,311,263,7
13,15039,2214,39,1095,1143,17
33,13803,356,119,229,160,61
48,9324,291,125,150,101,6
7,19331,254,24,922,217,45
3,17333,262,28,162,244,49
2,3768,36,10,82,25,9
43,93622,890,214,2972,1317,292
1,138,1,1,3,1,0
2,4385,49,4,144,37,6
2,3572,41,8,62,19,14
39,218765,3067,332,4184,2749,515
6,13914,151,18,150,147,20
58,181994,2927,233,4434,2129,167
2,1761,16,4,22,12,0
57,128486,1773,206,2121,1476,216
2,589,12,2,10,6,0
2,505,6,2,6,3,0
2,914,50,3,1,59,3
2,4528,53,15,70,30,2
2,442,9,2,4,4,1
2,376,8,3,1,7,0
1,7442,39,7,1953,76,21
2,2652,15,2,16,16,1
15,115943,618,54,908,676,81
4,48179,258,29,278,259,10
5,638,17,5,18,12,1
5,8243,35,6,371,58,11
1,5049,22,1,220,38,0
6,18322,243,51,3300,97,7
11,4692,139,15,58,57,10
5,5857,64,27,121,69,4
14,19497,467,52,468,390,63
22,198245,1232,39,10460,1258,22
1,5314,20,2,1289,33,0
1,2991,22,2,150,23,0
60,29195,711,126,373,488,82
9,9504,120,22,52,79,4
2,80,2,2,0,0,0
3,3085,21,5,772,24,0
1,899,7,3,124,4,2
1,103,2,1,0,0,0
3,10014,239,14,120,198,32
4,8371,70,7,66,75,4
1,22029,134,2,709,180,1
7,32956,189,10,1947,187,4
2,4224,81,6,8,59,3
4,4185,37,11,377,29,2
156,93746,822,149,822,577,103
1,2395,26,4,109,20,0
3,9780,102,11,457,121,5
7,134358,1033,144,5177,964,174
3,14607,80,11,949,127,10
31,16753,333,45,468,169,16
5,13943,194,12,670,164,13
2,4467,20,5,125,63,1
12,102209,1566,29,4863,1040,30
2,7815,54,2,419,55,1
7,10321,206,34,1245,79,50
8,2339,50,18,206,21,2
14,13830,275,33,234,112,28
2,8332,107,11,279,78,16
6,8261,65,10,374,97,2
2,8884,98,11,217,64,18
4,100895,1010,104,10537,906,32
5,9285,77,9,471,105,3
32,301066,2900,247,8312,2357,383
6,8111,149,32,57,108,27
2,1586,9,3,69,6,0
8,662779,8073,994,31649,7512,1792
2,19218,268,42,383,169,89
4,3269,47,10,31,38,2
13,29151,281,39,508,166,22
33,143480,810,117,6425,1262,83
11,10815,131,20,212,112,15
13,9530,352,16,177,219,9
4,1108,18,4,103,20,1
3,7923,76,8,157,58,4
8,115512,1354,42,18338,3094,137
2,1022,16,3,11,17,1
5,167056,1146,63,82843,1400,110
3,1486,18,4,142,14,0
2,3720,65,12,37,29,4
1,3792,46,1,3,96,1
3,1123,15,4,214,14,1
23,39555,422,29,566,506,31
9,4823,67,19,156,34,4
4,5691,37,20,37,30,13
5,9301,130,27,256,118,33
3,2155,27,8,58,16,3
55,108348,1266,114,771,1191,126
1,62,1,1,1,1,0
3,2637,39,10,108,37,2
6,10691,122,32,484,88,28
9,39491,615,98,567,504,109
2,5874,60,5,344,51,1
4,8319,141,30,61,95,25
8,3524,32,15,1,16,1
2,2068,29,3,6,27,0
8,4749,81,20,7,62,1
2,3855,52,10,31,49,7
2,3409,52,10,14,50,1
8,1885,28,8,6,30,1
1,514,10,1,0,9,0
5,963,16,6,3,17,0
2,5004,69,19,8,63,3
1,39,1,1,0,1,0
7,18738,226,17,263,285,20
4,29087,332,44,1043,354,135
1,8753,105,1,396,148,1
8,86638,513,58,5102,577,164
2,10046,67,7,404,44,5
6,4646,25,11,114,31,2
75,143920,983,77,3345,896,164
5,10588,46,7,69,44,2
5,29028,180,21,886,224,12
1,1823,34,1,24,17,1
7,13413,184,15,593,139,16
6,10049,344,20,351,307,34
16,68767,549,54,7467,832,79
1,59487,1289,1,3403,4401,1
3,7489,77,3,138,97,2
11,19241,258,62,287,291,18
4,15546,291,88,184,199,37
2,138,3,2,11,2,0
2,1234,20,3,34,22,2
3,15825,151,8,296,249,10
1,6254,40,8,92,29,3
1,1718,15,2,174,7,0
11,64677,556,43,2379,706,68
6,6161,234,35,235,275,19
1,1106,16,6,5,11,3
49,75616,782,101,4472,727,38
4,33350,313,24,845,418,24
3,19817,507,25,765,336,67
2,7691,89,11,349,81,41
1,10537,50,4,163,32,6
9,90403,357,21,1486,427,26
18,35177,315,28,432,162,16
22,191690,2163,157,4519,1914,212
3,1786,49,4,85,42,1
4,62488,581,24,291,611,54
5,1555,13,6,349,17,0
4,62488,581,24,291,611,54
5,4783,77,11,68,79,5
37,85534,763,52,2818,646,44
14,122063,461,41,3458,553,15
2,3531,16,2,99,22,1
45,29773,313,95,3636,300,45
3,5571,36,3,738,33,1
1,30619,176,11,1007,335,30
12,5343,62,17,171,68,4
2,3264,75,9,29,101,7
8,8535,115,11,323,93,1
2,2741,64,4,11,53,5
9,11168,121,10,374,164,5
6,151919,1735,25,3858,1725,44
9,11326,160,24,399,72,36
2,3379,65,8,69,29,3
3,38043,941,46,537,861,82
123,3493059,23179,959,120437,24830,1394
76,49289,608,185,2272,424,25
3,3865,53,9,152,31,16
4,553,21,7,18,14,2
2,3179,91,7,38,32,5
4,4562,113,13,205,26,12
1,127525,807,7,502,1362,8
1,2802,24,5,32,28,5
1,674,13,4,21,9,0
1,2802,24,5,32,28,5
7,549953,4964,125,24122,7206,283
246,434285,3853,461,8321,3379,83
4,455,8,4,2,4,0
1,431,7,2,93,3,0
3,3317,34,9,71,44,23
1,326,5,1,5,3,0
2,1139,5,2,180,6,0
4,5022,56,5,143,36,4
7,8645,114,12,160,77,5
2,4589,60,1,129,57,1
4,15546,291,88,184,199,37
4,15546,291,88,184,199,37
6,1255796,8764,483,92730,6382,975
4,1411,18,6,85,8,2
5,2177,76,15,20,77,8
28,22203,245,62,656,221,44
3,1423,14,4,185,9,1
14,42059,375,64,578,272,57
2,3672,68,15,62,63,11
18,69796,1705,252,562,1167,265
22,54573,1171,189,449,923,256
18,22398,225,72,111,195,11
46,59536,339,70,3492,307,32
3,22803,179,10,279,246,15
6,102652,955,82,1045,956,138
13,7784,52,18,778,63,0
5,4117,41,8,85,29,5
2,64455,390,19,2276,642,54
2,0,0,0,0,0,0
1,597,8,3,1,5,0
156,145927,3024,826,1949,1647,419
3,47349,270,29,4133,502,51
3,580,7,4,8,3,0
2,342,5,4,10,4,0
2,156,4,3,0,2,0
2,2188,34,8,36,27,3
1,0,0,0,0,0,0
2,2052,45,11,27,20,8
3,16378,102,25,857,103,11
3,22880,162,33,666,136,35
1,853,8,3,184,4,0
5,15550,162,20,173,138,9
1,0,0,0,0,0,0
1,624,12,1,23,13,0
10,17101,145,31,290,96,8
10,77231,466,19,18876,427,22
1,3756,47,6,36,25,5
1,291,1,1,41,0,0
9,3094,42,16,93,29,0
2,3236,60,5,33,63,6
3,6904,144,22,117,75,40
2,18016,102,2,662,161,3
3,10600,88,6,33,88,0
8,72107,225,13,21293,591,19
2,15940,80,10,776,176,49
1,19558,224,9,2115,564,15
3,4927,107,12,91,68,3
8,25255,338,44,548,186,78
9,4001,128,15,42,123,6
1485,48108,2051,633,424,2239,59
3,840,19,3,27,14,2
8,25255,338,44,548,186,78
10,129727,4019,248,2309,3552,511
5,4954,94,10,135,65,1
37,69781,1484,213,1515,1094,223
16,102791,1230,69,1687,1336,116
4,1619,23,5,14,13,0
3,4809,106,13,55,79,13
2,10154,219,26,53,127,18
3,3832,32,6,147,35,1
6,20276,228,36,1085,120,28
7,22386,376,21,872,301,25
1,709,15,5,4,13,0
1,48,2,1,0,4,0
2,1297,13,3,33,9,1
1,120,4,1,1,3,0
1,402,11,1,7,3,0
2,1540,11,2,91,7,0
7,12762,227,17,1219,203,2
2,1568,19,6,29,8,5
9,1993,28,10,3,22,2
1,21,1,1,0,1,0
2,7244,66,8,332,54,9
20,184771,1184,169,21641,1651,407
2,4867,55,4,610,57,1
1,3231,24,2,960,23,0
3,21944,165,8,504,233,5
3,63676,514,8,1526,613,13
12,81660,978,27,762,1008,34
12,81660,978,27,762,1008,34
10,54291,513,64,694,388,83
6,1697,15,6,11,13,1
3,2477,27,2,49,31,1
12,45289,323,30,921,363,31
7,47442,462,62,1034,531,79
16,7056,62,19,218,51,0
3,16340,162,7,264,78,13
2,1154,39,3,9,48,3
11,63260,362,43,10856,249,20
2,1117,17,2,31,20,1
1,8020,145,4,75,215,10
2,3110,36,4,172,33,4
3,707,12,3,39,10,1
19,13452,404,43,821,209,24
4,29363,108,5,562,247,3
6,24226,470,422,602,488,4
5,24110,74,7,1263,186,6
8,126235,282,14,14985,335,15
2,1183,8,5,68,22,0
5,5072,32,6,244,39,0
24,23717,214,40,2798,233,9
5,1169,24,5,6,9,0
14,15561,371,50,276,237,45
12,81772,1233,128,879,915,140
61,265955,5316,504,3651,2667,1066
3,1975,34,6,313,18,7
11,17476,276,44,55,141,47
5,9565,38,14,448,43,1
1,18526,187,18,473,324,21
1,6078,41,4,726,51,3
5,3080,37,5,22,23,2
30,28096,492,62,123,245,32
7,1044,35,12,3,25,1
1,12296,333,7,117,234,9
1,12296,333,7,117,234,9
2,597,3,2,16,4,0
2,665,14,2,8,6,0
43,93622,890,214,2972,1317,292
4,7149,63,5,146,36,0
45,342075,3386,218,7807,2693,257
5,19609,289,31,207,313,35
5,8813,82,12,1155,42,19
5,14621,179,11,1168,95,15
2,2245,34,5,22,20,0
11,23061,305,39,715,177,18
4,3524,16,4,134,16,1
4,330,12,3,0,6,2
1,8142,47,4,167,134,9
7,2730,48,9,16,47,3
3,984,7,4,13,10,0
3,5637,42,4,208,29,2
4,26677,304,19,529,203,23
10,35246,423,27,437,351,52
5,22030,179,20,229,96,29
40,66696,590,73,8036,851,33
5,10603,261,18,221,106,24
2,9605,117,6,66,123,2
3,3579,57,5,17,31,4
5,10284,42,9,1072,11,3
7,38366,317,15,116,366,10
3,1176,35,4,21,22,2
3,646,12,3,6,4,0
1,7264,27,6,915,51,0
24,123668,1254,84,6266,1314,192
2,1546,15,2,9,18,0
3,4323,54,3,48,25,2
2,7074,132,12,389,138,47
5,11583,197,12,903,198,26
8,30358,406,39,2235,292,54
1,10758,72,12,1167,54,23
7,24398,134,21,441,72,5
10,12315,67,21,376,63,2
5,3879,55,10,33,42,6
4,10123,156,12,499,150,8
7,9665,168,25,61,131,47
2,4101,65,8,31,37,15
3,2075,21,8,41,23,2
1,73,1,1,1,1,0
3,18209,74,7,145,39,11
1,807,1,1,51,0,0
13,9993,144,36,157,89,38
15,77729,896,123,1937,480,99
2,2761,33,7,62,33,4
4,1951,39,12,313,32,0
1,61,1,1,1,1,0
7,498,9,1,0,13,1
4,12503,150,23,226,228,27
2,10830,132,14,892,284,6
1,282,4,2,1,1,0
6,2619,33,8,7,28,1
3,4703,89,9,87,72,18
3,1818,50,8,42,33,2
2,10444,94,8,144,212,4
7,108398,856,24,6672,1144,34
4,68105,704,16,2996,870,28
10,22303,297,75,109,208,35
2,4247,50,13,76,48,6
5,3296,43,6,66,34,1
2,22127,213,22,1874,325,23
3,12030,184,17,325,272,7
3,5862,56,5,88,58,4
4,8771,92,7,506,53,1
2,3273,36,6,64,22,4
2,597,2,2,11,3,0
6,14748,241,29,662,210,39
2,2657,25,7,27,20,1
19,14356,198,37,210,147,27
1,213,5,1,0,2,0
2,9935,88,7,317,89,9
2,2330,18,5,25,29,3
20,467719,3822,234,21087,3976,452
2,1208,6,2,27,3,0
10,75141,525,72,2667,557,80
4,7782,121,17,320,73,38
5,55872,907,8,1898,925,14
11,39453,564,52,302,254,57
10,18618,194,32,230,149,15
27,271723,1860,123,15221,2156,213
4,6970,150,18,115,106,26
4,11445,171,41,391,119,89
3,38811,325,16,633,401,34
7,13398,255,38,318,101,41
4,104682,779,62,2058,704,114
2,3086,10,3,170,18,1
3,33611,336,37,333,243,28
16,92749,817,57,6327,887,50
22,7305,164,37,133,80,9
2,519,6,2,24,4,0
5,6264,84,7,122,54,3
3,4473,121,14,34,40,15
13,34379,424,118,1928,275,93
17,11545,213,49,479,73,29
1,15042,78,4,819,136,4
2,1728,34,3,60,28,1
5,9445,65,16,364,43,10
2,4725,93,3,108,97,1
7,3864,53,14,70,64,11
63,158453,949,144,13266,620,90
34,61886,1091,242,568,745,173
3,10458,21,3,531,76,0
25,19923,243,53,412,156,4
2,922,13,3,11,8,2
1,20270,111,8,965,105,17
31,19686,354,43,864,193,22
39,108966,2918,350,1857,2901,207
30,711670,8553,547,28465,8307,1263
11,2319,38,23,27,44,0
4,2800,53,10,6,52,2
17,10811,200,40,112,105,5
7,13998,234,37,192,194,54
3,7593,36,3,1002,49,2
1,1758,8,2,90,7,1
8,3402,48,12,42,32,3
4,10249,129,5,261,80,4
7,12728,122,14,589,135,16
5,737,11,6,6,13,3
15,208596,2059,244,4685,2408,257
8,81642,722,55,2419,914,91
27,355084,3356,82,10203,5684,239
108,191864,1226,156,69421,1429,20
2,729,9,2,10,6,1
7,2172,25,10,33,16,1
30,8323,186,78,168,98,6
3,1866,59,6,27,56,3
1,558,7,3,62,4,0
5,89898,1290,66,3420,1206,97
7,7911,52,10,196,62,3
2,1074,9,5,27,8,0
68,181756,2326,317,3516,1812,540
3,40646,830,116,883,505,182
2,9832,135,4,88,138,12
4,3664,38,16,73,46,0
4,24310,544,53,527,760,37
19,14163,294,33,335,238,9
1,2472,59,5,4,34,4
8,3349,25,8,141,8,0
8,4803,104,8,147,33,1
10,2559,39,14,50,33,1
2,3358,56,6,45,83,10
4,1568,44,5,8,18,1
1,3524,33,2,31,39,1
79,126867,1409,80,4557,1537,66
3,6382,88,21,1223,106,5
5,9773,67,7,746,115,4
6,13715,100,13,2016,117,3
3,20939,260,23,979,282,37
3,42196,403,20,1683,408,26
4,78770,385,56,2548,263,120
2,11702,139,7,122,166,7
1,1795,19,2,130,20,1
1,69,1,1,1,0,0
7,6145,43,12,871,84,6
4,7494,99,7,212,69,2
3,8002,37,5,164,64,6
5,8902,93,12,65,35,10
3,2271,71,5,47,113,2
7,85017,813,17,3853,1177,21
10,1596,17,12,35,1,0
1,387,3,1,14,0,0
1,3674,29,4,46,11,6
2,2329,13,3,26,7,0
3,12058,54,12,160,76,1
2,5415,38,4,28,53,0
7,9915,86,12,932,98,5
27,136554,2137,271,5482,2143,233
6,80592,1323,143,1743,1153,286
1,2844,11,2,859,22,0
3,1950,26,6,190,13,0
3,1132,23,4,2,6,2
2,16167,187,9,440,244,19
26,24536,283,60,110,273,37
2,393,3,2,13,3,0
9,1272,19,9,10,13,0
2,45740,826,2,1634,1598,3
5,7329,132,13,192,64,4
2,2182,12,3,42,16,0
2,246,5,2,1,2,0
10,20998,74,21,641,95,8
2,6496,157,27,164,108,16
2,222,9,5,0,4,0
2,626,16,2,37,2,0
3,910,11,2,65,8,0
2,5598,39,5,604,104,4
2,6314,131,8,719,28,14
2,644,21,8,6,21,0
1,2970,19,2,880,16,0
6,4331,80,7,51,36,2
5,28181,194,20,186,279,43
5,28665,151,15,1377,149,25
3,6182,79,8,488,49,11
3,1064,16,6,228,10,0
4,4698,56,26,106,63,4
73,244585,3986,203,8993,3418,295
88,388761,5408,279,13303,4833,336
7,58108,907,64,906,1241,146
4,23090,292,23,566,381,80
3,5829,85,8,105,148,19
3,1400,13,4,32,8,0
1,219,6,3,2,6,0
2,1463,13,3,73,8,0
2,126861,765,103,8564,862,186
13,6384,134,28,135,95,10
1,29,2,1,0,3,0
1,149,4,1,8,4,0
2,18161,129,9,560,69,6
21,9200,193,49,44,119,36
1,411,5,2,2,2,0
8,1995,50,16,506,42,1
2,1046,28,8,19,28,2
3,564,10,3,23,8,0
5,15915,171,20,746,137,29
9,1638,59,14,15,33,4
3,1696,28,3,171,30,2
11,63204,323,17,1969,253,9
3,9284,151,24,75,164,25
21,52594,427,58,5997,450,102
13,32130,538,38,541,558,55
1,7521,57,9,215,102,28
8,13765,180,33,710,139,8
7,6742,107,24,69,96,15
2,544644,6674,99,73283,8812,682
7,6263,162,22,241,176,21
4,16796,688,12,918,1122,10
2,4400,55,5,27,57,14
4,9428,90,14,142,79,13
1,912,13,3,167,3,2
3,510,15,7,2,9,0
4,39812,160,23,7516,320,51
2,707,3,2,9,2,0
2,1943,9,2,36,8,0
4,13935,100,10,355,75,10
4,87509,391,28,1127,415,44
3,15029,233,25,294,152,23
3,2028,52,6,27,39,3
3,1296,9,5,21,3,0
6,8835,97,29,783,79,10
3,10004,95,9,224,113,23
4,6330,129,29,68,134,5
4,1052,27,9,8,10,7
3,13822,71,5,364,166,4
3,2013,21,7,52,7,0
8,45432,379,102,1809,190,157
121,52982,946,159,905,648,56
2,26741,277,4,839,166,4
1,801,12,4,5,5,0
1,0,0,0,0,0,0
2,783,2,2,3,1,0
6,36429,418,43,1059,270,94
4,5625,97,16,147,71,17
2,155,8,4,0,5,2
2,9675,181,22,165,132,49
7,3003,59,31,61,44,0
28,22203,245,62,656,219,44
13,1792,46,13,24,38,3
7,3867,39,12,70,18,0
25,119383,1266,259,2143,1344,113
2,1067,7,2,42,7,0
3,26051,390,21,1137,414,35
2,893,25,4,2,12,4
6,2007,35,12,4,20,4
1,567,9,2,46,4,1
1,20324,98,8,1694,140,16
4,4849,39,13,173,35,5
2,7096,125,14,47,97,8
2,1718,40,4,37,24,5
7,13253,169,32,200,47,60
28,57480,288,84,11809,328,19
2,1460,34,5,2,26,3
3,3227,43,10,95,36,1
2,5724,32,7,117,32,2
1,31,1,1,0,1,0
2,259,5,2,4,4,0
1,592,9,1,6,1,0
10,22844,391,30,275,311,25
14,3606,31,8,39,11,0
2,28823,155,20,3732,151,61
5,2105,46,15,30,16,2
1,7989,74,7,131,102,20
1,27574,138,13,1016,260,54
14,15654,229,40,868,152,26
3,13315,158,29,217,77,24
2,3103,12,4,108,13,1
2,1400,13,4,52,12,0
15,119532,2153,356,4545,1666,423
3,20084,391,5,715,325,6
2,3684,37,3,58,23,2
11,13726,199,38,111,156,33
8,2705,51,11,17,54,13
6,40705,292,28,3627,897,59
6,11633,67,15,376,292,9
2,11810,80,9,251,81,12
3,257,7,3,3,3,0
1,61,2,2,0,1,0
3,2683,26,4,34,13,3
2,13936,259,28,33,242,7
5,12399,123,29,228,94,27
4,4450,35,4,76,40,4
13,12629,189,36,95,201,11
9,5357,60,14,370,31,3
5,12825,369,22,13956,351,21
4,3487,119,8,51,150,5
12,8616,111,29,108,68,18
6,2151,27,8,11,25,1
5,12825,369,22,13956,351,21
1,138,1,1,3,1,0
100,634617,9889,461,10685,10495,596
36,11772,345,47,195,400,15
13,12004,214,31,145,185,14
39,208732,2822,147,9342,2886,125
8,71711,578,41,1789,778,39
10,106096,1371,59,16919,1589,106
32,12555,203,45,313,195,7
3,6190,63,8,134,48,9
2,8022,106,13,32,43,27
3,689,15,4,34,10,0
2,649,8,3,38,11,1
7,79557,609,47,1572,585,44
3,9525,116,23,281,161,6
4,1012,27,7,1,30,2
2,15979,138,19,1375,163,64
2,8152,100,13,214,54,19
10,16384,188,24,356,159,32
4,1136,15,4,36,19,1
2,493,8,5,8,3,0
3,7360,92,12,128,40,4
1,1543,23,7,14,7,2
19,12843,285,57,114,212,16
6,1679,64,15,14,60,3
8,3984,34,9,241,35,1
8,3350,27,7,335,24,1
2,822,9,2,47,11,1
13,79153,666,38,4145,969,115
33,31941,526,80,1027,448,61
7,65434,496,28,1029,1139,90
1,904,10,3,46,9,3
2,4793,96,13,18,75,6
2,849,6,2,19,3,0
2,687,23,9,21,27,0
2,8152,100,13,214,54,19
10,16384,188,24,356,159,32
4,13854,132,17,407,79,23
5,8600,128,15,157,49,27
2,3030,45,7,35,38,5
1,5490,65,5,581,56,9
2,683,23,10,7,16,2
2,136,4,2,0,2,0
3,661,13,6,18,6,4
8,1082,31,12,13,27,2
23,18049,238,36,542,105,22
2,1141,3,2,144,4,0
4,26594,557,71,1478,627,51
12,19751,213,34,948,153,38
2,12595,105,9,861,60,8
2,9219,296,4,147,160,3
3,1962,17,5,25,7,0
3,13661,210,39,4088,236,74
2,9714,75,11,602,93,16
2,7985,53,5,246,39,2
7,34717,190,19,785,185,11
2,5787,53,9,231,38,13
31,81640,916,133,1594,606,142
2,1451,51,3,16,53,4
115,763149,3115,179,25364,3799,104
12,5632,36,10,221,35,2
1,2022,35,1,8,25,1
5,17448,158,17,799,115,37
9,9999,172,33,153,187,11
3,2138,25,3,112,22,1
2,2758,13,3,87,12,1
48,73611,741,83,5219,455,21
3,20290,259,8,810,142,21
6,32183,181,21,434,296,15
7,29011,691,30,185,1008,67
2,3902,54,4,98,29,1
15,19077,293,23,515,271,15
2,2442,19,3,69,27,3
3,1995,30,4,57,9,1
4,8019,99,16,404,61,4
2,5525,70,4,75,88,3
1,573,7,1,15,0,0
4,6953,57,7,1082,70,6
8,44647,671,53,2110,556,112
2,1765,43,6,16,14,3
1,4785,27,2,242,27,3
3,9269,172,15,237,84,35
7,1961,59,21,8,32,4
3,2441,58,14,10,48,6
6,15667,220,34,367,115,45
47,186565,1450,163,5687,2184,242
7,3851,58,16,50,27,8
2,26705,208,35,464,116,76
17,61527,404,122,353,273,85
1,5096,15,2,738,16,0
8,22127,215,25,1499,131,21
30,22201,555,82,296,440,93
8,4193,37,10,72,23,3
3,21351,317,14,161,612,33
12,22810,263,28,1981,279,22
3,3483,45,13,51,67,23
2,1484,8,2,18,6,0
2,2248,34,7,36,16,3
5,1955,39,9,71,19,1
3,3548,64,9,68,27,6
2,3112,29,5,187,36,10
27,92026,556,57,10055,529,29
2,3093,36,4,85,48,0
33,10685,198,66,148,107,12
3,2480,47,9,106,42,1
4,3198,91,24,40,49,6
13,59154,463,61,1209,249,94
2,13875,89,8,303,69,5
6,3631,72,17,12,26,15
6,6276,111,14,710,56,15
2,1345,23,3,6,21,2
1,10084,59,8,392,88,4
9,8271,136,43,90,86,10
9,8271,136,43,90,86,10
4,2891,9,4,81,2,0
6,6286,96,10,78,60,12
2,8410,99,9,204,61,16
5,7603,66,11,395,48,9
2,16679,91,13,545,115,8
2,2324,24,4,84,31,4
3,1813,21,3,80,10,0
6,15385,258,39,192,268,117
50,79468,807,137,1258,881,100
4,1486,22,4,16,9,1
30,176105,2817,443,4304,1538,473
76,201542,1670,234,3002,2197,327
46,353553,3171,129,6773,4117,213
8,237769,1681,61,4637,1692,144
1,15701,168,1,513,500,1
8,13284,139,46,1900,132,69
9,202340,1747,229,12268,2343,163
3,2517,90,8,68,83,3
37,704066,4921,246,22149,7677,547
34,67070,605,96,757,446,117
1,2045,32,7,97,21,5
2,7856,71,10,390,43,4
5,7036,41,7,282,56,1
6,1636,35,9,19,18,6
3,5607,47,4,293,53,0
3,865,20,4,186,6,0
10,17924,290,40,927,196,24
17,22271,148,32,3690,165,8
11,32845,155,12,153,313,2
20,40614,265,21,173,426,3
2,1380,22,3,15,18,1
3,4530,37,6,830,39,2
6,3478,63,7,88,44,2
125,389480,3607,413,4950,3223,273
11,37677,318,39,559,237,31
14,15486,330,54,222,273,15
8,16457,92,23,223,101,8
1,2335,16,4,57,14,0
5,20999,189,15,593,124,8
20,45700,635,53,2306,618,29
20,62906,713,37,5238,1099,66
6,3993,94,15,51,79,5
2,671,12,2,6,2,0
19,5182,69,19,81,64,1
20,11423,254,21,110,158,6
3,423,5,3,21,3,0
2,3560,52,13,66,49,5
3,3393,84,7,32,43,6
3,14430,132,13,233,118,25
19,19102,159,40,409,142,25
1,238,1,1,12,1,0
1,44882,394,11,211,408,38
4,8180,104,11,114,49,5
3,1762,12,3,309,10,0
3,649,8,4,100,6,0
1,8178,60,10,1198,143,42
3,3811,48,5,173,34,3
2,398,8,2,8,4,0
4,2584,73,7,11,28,2
10,24503,417,91,429,202,63
5,34227,92,8,418,239,10
8,36155,369,95,732,431,203
1,8774,93,1,319,193,1
1,440,6,2,9,4,0
1,2605,14,1,63,17,0
8,52091,934,14,5005,2007,10
15,237689,5420,35,1363,4972,31
5,6278,107,9,76,76,8
15,15630,138,20,423,207,6
1,1844,27,2,650,35,1
2,433,5,3,2,5,0
3,493,8,3,1,2,0
10,8830,74,12,129,57,3
8,6575,92,12,762,91,5
3,4994,62,14,222,41,9
4,7103,41,3,185,73,2
1,0,0,0,0,0,0
4,5592,83,14,44,52,10
3,5343,169,17,82,186,13
2,3512,57,6,45,23,9
5,14221,149,17,339,103,11
3,8995,86,15,452,216,17
1,13935,222,1,326,143,1
3,2322,45,8,26,11,23
18,112952,7520,122,559,7059,258
7,74448,525,44,2630,364,55
6,140715,746,25,3390,1904,31
5,50341,386,33,916,560,70
1,15467,59,6,219,215,0
45,118950,868,146,10686,559,64
27,90472,1674,104,3279,2059,122
3,5529,98,19,34,99,6
1,7796,70,2,913,48,1
3,3233,60,6,35,37,3
47,39542,733,142,1684,383,143
93,815616,6705,324,13256,7862,479
1,8994,77,5,267,53,3
16,107345,892,109,3009,1000,144
2,10412,78,3,78,106,2
2,387,9,2,16,6,1
7,3035,88,10,62,48,5
5,37388,383,42,1032,275,70
7,12473,102,25,381,109,12
3,12450,86,16,1011,138,30
21,6949,69,30,148,51,1
3,12692,370,25,376,334,42
2,5793,474,3,0,1204,1
4,36291,263,16,347,606,32
21,21949,291,50,596,148,12
18,271756,2339,250,2070,1388,230
14,14053,298,35,446,150,46
8,13064,221,29,496,256,47
19,36645,218,46,1217,194,30
5,632,6,5,13,7,0
2,2284,55,5,101,58,1
24,31677,228,57,303,267,15
8,29989,232,23,300,216,26
3,818,15,3,32,7,1
3,17940,119,3,421,190,3
1,440,2,1,4,1,0
8,5355,180,11,71,222,8
2,1856,29,6,16,22,6
8,5355,180,11,71,222,8
3,2205,32,3,69,18,2
7,6880,63,7,153,57,5
2,318,3,2,7,1,0
13,5234,92,31,89,61,5
3,69709,363,15,2400,668,42
2,23741,209,32,2069,260,69
2,17033,63,3,1030,85,1
6,1210,10,6,20,10,0
2,1078,8,4,15,5,0
2,1928,7,2,12,11,0
4,644,8,2,6,3,1
4,2110,28,8,38,20,2
1,1977,27,6,502,15,0
118,38870,602,203,1990,309,22
172,11789,328,82,151,266,17
55,614017,5914,326,25911,8272,545
10,129330,1900,171,3673,1483,292
2,434,12,4,0,10,1
14,6693,102,43,79,78,1
5,4830,122,19,26,62,8
81,16592,360,87,377,260,15
3,2335,22,7,44,18,0
6,12570,87,17,247,68,11
4,5352,27,4,198,26,3
1,516,9,1,2,10,1
17,53545,546,30,1464,414,29
47,5929,123,48,34,123,7
4,5473,94,14,365,59,7
9,47902,760,50,2223,524,136
6,4046,148,23,26,106,23
3,13598,307,33,339,225,38
8,7421,135,16,366,147,10
16,26985,584,101,1285,630,191
2,1993,23,2,25,13,1
2,8874,53,8,587,29,1
14,50814,654,31,895,587,33
8,11104,157,23,211,95,43
10,19703,149,18,442,119,8
10,19991,395,121,162,321,90
3,10258,153,32,864,145,17
10,14694,317,72,823,378,86
2,8631,101,14,73,146,25
2,837,12,3,44,4,0
1,3420,13,1,576,21,0
5,89455,599,63,3490,595,239
1,350,7,2,18,2,0
2,2118,26,2,23,54,0
5,26335,219,31,538,267,80
5,26335,219,31,538,267,80
3,2429,23,3,38,20,0
6,5195,46,13,172,46,15
2,1407,10,2,95,9,0
2,1417,24,5,7,5,0
4,5005,92,24,99,37,33
2,399,12,2,2,15,0
4,24450,440,53,535,292,83
3,30687,417,58,794,255,143
2,897,14,4,14,4,0
2,11712,190,32,212,126,54
14,72764,579,89,928,264,66
2,16593,286,30,442,223,40
35,124460,1000,91,2632,670,80
3,157183,1389,71,7149,1808,184
2,7557,131,14,83,158,14
4,20198,213,17,536,120,16
3,8220,92,13,177,67,6
4,3161,68,7,37,51,2
3,1298,16,4,15,15,3
23,4184,91,40,80,60,5
31,7006,154,65,54,101,3
4,5706,84,12,29,70,3
2,5674,73,17,43,28,18
1,579,12,1,9,5,0
1,0,0,0,0,0,0
1,1460,13,2,9,10,0
4,5805,144,11,833,154,6
5,862,21,6,16,10,0
2,2318,28,4,63,38,0
4,4297,58,15,159,61,24
8,37780,360,63,791,233,97
2,993,17,6,12,8,3
3,8244,139,3,17,44,4
2,3140,49,3,17,72,1
8,4095,26,8,221,31,1
3,2745,51,5,13,27,2
4,1975,59,12,10,29,3
4,13838,116,17,199,87,13
6,1636,35,9,19,18,6
4,4499,62,11,172,71,2
4,5570,216,24,29,145,66
1,641,8,2,9,3,0
2,6267,85,8,37,61,6
3,1549,27,10,33,15,4
4,2818,50,15,40,34,1
2,1355,26,2,45,23,1
2,1249,46,4,24,24,2
4,4696,94,13,11,43,26
20,75517,512,50,1353,705,39
2,2099,22,2,34,16,0
7,9335,108,15,282,93,15
6,14269,302,24,592,464,18
5,4155,72,9,174,42,4
18,408209,3283,98,17116,2807,205
2,42976,202,26,295,270,24
2,565,22,4,10,9,1
4,1744,58,15,25,42,14
15,49328,453,45,1708,1015,29
3,2617,38,9,40,11,2
5,1702,38,6,57,8,3
7,21369,372,47,683,187,27
34,58067,868,69,1532,817,33
3,4763,58,3,98,94,1
1,54,1,1,0,1,0
12,4587,75,18,119,52,5
6,4186,68,19,34,46,9
1,6706,11,1,11637,44,0
1,2184,27,2,254,28,0
6,15118,232,14,639,62,14
157,96422,1100,176,3251,951,62
3,19312,237,26,997,295,38
2,4082,36,2,197,42,0
6,11130,188,22,180,189,19
2,9404,53,6,368,56,2
2,12237,145,5,77,194,17
4,16641,133,4,639,181,2
8,23635,206,40,826,149,21
22,73162,494,49,5020,562,21
1,3496,38,2,109,26,0
4,98446,1496,60,8696,2062,61
2,11087,66,5,759,48,5
16,248160,2420,131,28384,3461,270
7,34589,436,18,367,389,21
1,9168,100,6,1050,140,24
6,5309,73,8,148,71,5
2,1088,32,5,17,14,2
3,2433,56,8,38,50,9
8,112487,541,37,11034,967,77
3,3247,89,23,27,39,4
2,7960,171,10,313,107,7
3,2611,30,7,16,18,1
62,21971,407,175,172,290,19
7,1416,34,14,44,33,0
2,1843,36,3,181,35,1
2,1843,36,3,181,35,1
11,69523,660,28,3505,722,68
7,65434,496,28,1029,1139,90
29,55558,645,55,951,617,46
6,33955,264,31,254,289,15
2,269567,2065,279,6058,4712,201
4,2736,51,8,55,15,3
7,46723,436,15,359,459,18
33,88326,866,112,2105,889,65
18,18369,308,18,235,260,8
2,36311,518,3,609,428,3
7,6845,100,11,32,69,7
2,1797,8,2,130,8,1
2,9493,156,9,387,122,4
1,480,11,4,1,7,0
2,1400,43,8,7,23,12
3,28083,355,9,3764,413,18
1,20221,132,9,769,330,24
3,1215,24,3,10,9,2
19,149677,1616,163,3951,2086,147
4,56293,453,75,1419,447,94
3,5651,78,22,89,96,29
2,5982,137,62,60,76,47
13,58724,439,116,872,465,46
35,39225,529,111,1178,364,55
28,229986,1855,74,3925,1745,57
4,30599,393,12,6280,555,7
13,2670,96,30,31,51,2
4,4202,80,19,156,25,12
6,9521,95,16,178,125,12
2,1373,21,5,12,20,2
1,515,2,1,11,0,0
5,4663,55,16,56,53,3
32,13382,152,40,452,118,22
3,18707,71,8,2131,121,9
1,2276,9,2,241,9,0
2,798,14,2,20,14,0
2,11244,131,3,611,211,8
13,37396,551,66,1880,602,23
3,685,11,4,46,7,0
13,112337,1141,148,3901,1409,194
4,11418,82,19,348,52,4
4,19109,101,16,160,115,6
12,53360,367,103,4548,422,114
4,5202,125,21,87,86,26
6,66218,212,20,695,584,8
2,66860,446,22,609,595,9
1,664,9,2,14,6,1
8,25944,491,37,54,451,50
3,1685,35,8,16,16,1
7,49500,383,60,821,444,23
2,4351,93,2,113,71,1
4,14950,271,33,137,106,32
22,275019,2518,51,5461,4803,117
3,1523,41,10,23,28,3
2,1278,20,3,44,8,1
1,3088,50,11,82,37,9
20,36965,426,26,1000,308,21
12,93175,493,22,3678,727,9
3,37467,507,21,907,322,12
3,2539,35,7,101,27,6
10,6441,93,12,271,97,2
2,819,8,6,11,3,0
3,1556,42,9,26,29,2
5,3160,82,18,11,49,7
1,3341,32,4,67,35,2
1,6337,56,7,1027,124,9
31,604241,2782,82,20379,6059,149
1,1391,16,6,20,11,7
2,2447,35,5,235,13,2
3,32911,331,161,598,288,32
7,97189,1068,69,2360,1002,152
12,75848,850,88,1954,846,98
7,116954,1629,201,1996,1395,355
7,133307,699,53,4962,1159,128
3,5364,30,5,120,61,1
28,21971,381,119,6418,483,16
14,95317,1114,88,1649,1177,63
3,984,18,5,3,10,0
4,5552,87,10,51,62,12
9,7606,126,33,222,105,12
10,7787,121,16,529,60,9
2,2086,30,2,55,16,0
7,27883,346,23,1007,327,31
2,6609,67,3,291,88,1
4,2171,53,7,31,48,4
2,2475,30,7,60,14,11
1,363,4,2,83,7,1
9,52954,410,16,1819,808,12
148,1063648,8216,1163,34775,9155,713
62,251325,2148,259,4605,2950,238
1,42406,191,17,1118,354,17
7,39330,272,23,1877,450,28
33,62515,545,112,371,593,54
27,1016632,3714,316,517033,4604,773
1,10894,79,7,223,94,2
4,1467,29,8,7,21,9
6,2741,65,10,25,55,5
10,3064,67,16,5,80,2
3,4990,130,31,76,83,5
10,3064,67,16,5,80,2
2,225,4,2,1,4,0
3,4560,53,10,302,30,1
1,150,4,3,0,5,0
1,1444,35,1,3,29,2
14,10415,222,31,106,212,21
1,37190,147,9,1294,439,29
3,3554,33,10,83,27,9
18,172026,1502,103,6499,1062,80
4,18606,233,49,193,187,43
2,4473,41,4,177,52,1
3,2927,66,5,66,40,3
12,11152,155,18,337,182,12
1,1817,26,8,14,12,2
9,10984,140,45,155,87,22
3,465,5,4,13,4,0
6,21141,346,25,292,216,39
2,7386,38,3,176,62,1
11,57492,396,21,4943,484,11
5,44748,293,23,1934,207,31
1,2159,21,7,610,29,15
8,160836,1656,235,3008,1840,896
8,11223,143,26,250,75,4
3,19122,80,3,437,127,1
24,582505,3367,160,18753,3117,371
3,12275,152,13,41,134,9
3,34425,337,15,432,306,35
1,511,4,2,76,2,0
7,7851,136,8,104,99,5
1,10536,40,1,150,57,1
9,27864,331,100,500,328,38
3,19585,75,3,1803,80,3
15,32873,201,36,935,197,6
4,2672,33,6,27,19,2
4,9603,113,24,318,89,14
15,332500,3199,259,622,4307,201
116,85708,1075,135,5334,679,66
4,33338,327,20,373,293,34
128,76165,1082,271,2593,614,91
11,5741,78,17,139,55,3
399,246582,3114,511,10073,1978,198
5,39721,364,32,429,342,43
74,356676,2429,302,28128,1951,200
14,9973,97,14,209,56,7
5,10265,135,33,482,109,14
143,14256,340,171,209,118,0
1598,176662,3159,1639,1040,1223,7
718,1088879,4413,905,307080,2256,204
12,12097,124,16,150,49,11
2,2952,51,2,39,51,1
36,291189,3911,237,7870,2878,551
4,735,20,8,4,9,0
4,5088,138,7,80,65,7
9,410522,4944,131,16226,6459,588
7,30813,336,43,1037,202,89
1,13534,126,9,1991,159,30
12,9837,257,69,55,196,28
22,38695,581,129,293,353,251
14,22437,345,33,234,183,28
8,33218,179,17,1481,221,32
12,445521,2777,152,11242,3351,552
4,12989,227,22,164,157,33
108,317513,2602,402,15078,2306,162
3,4539,69,6,65,55,3
5,48225,366,26,2726,396,71
1,14022,83,9,673,92,16
108,317513,2602,402,15078,2306,162
3,16422,129,7,156,138,11
1,6424,71,16,161,63,10
1,1173,16,4,101,7,5
5,39501,88,15,5332,285,34
8,455,14,5,10,11,1
2,5810,74,7,62,63,3
21,2440,64,16,99,43,2
21,2440,64,16,99,43,2
8,455,14,5,10,11,1
9,31740,447,18,756,192,12
6,4778,67,14,205,45,2
8,55590,555,71,2439,517,75
2,6104,40,5,108,26,2
1,439,5,3,3,4,0
3,4161,76,23,32,36,11
5,3310,95,36,50,67,7
1,7014,48,4,5,50,2
8,35467,506,35,2361,425,73
8,6539,114,9,54,49,6
4,34466,788,20,741,1136,26
3,1622,82,11,6,97,2
5,6096,92,7,28,50,8
22,13852,460,57,173,413,24
15,96279,708,76,2490,701,64
10,3987,44,12,55,27,2
6,27946,325,31,2261,261,28
5,15093,65,13,2476,90,8
1,373,3,1,0,0,0
3,15284,83,5,575,96,11
3,5164,63,6,314,35,15
3,14899,166,17,523,207,38
3,3204,68,8,49,45,4
10,28120,255,30,869,333,16
3,9639,105,11,2582,185,4
2,1032,11,3,71,8,1
2,2930,83,7,28,43,2
3,10613,177,5,134,278,9
2,2135,24,2,172,15,0
8,14042,234,32,86,94,18
5,29672,183,13,2396,164,6
8,68277,590,38,1122,638,41
7,16044,106,23,437,108,6
3,1444,28,4,11,26,1
2,1087,10,4,377,8,0
4,202241,2879,145,1269,4003,340
4,73523,465,57,11284,392,140
2,14637,115,21,118,178,48
6,28513,249,22,2783,276,39
41,169526,1753,111,7113,2630,145
14,19311,328,28,217,232,22
8,62264,462,32,1184,581,66
7,5364,43,9,102,52,1
11,55576,1254,237,933,642,294
2,22616,229,8,628,319,30
1,1773,10,1,163,21,0
5,981,23,9,9,12,2
3,3163,62,13,26,47,6
2,535,9,2,6,7,1
16,17313,190,25,676,176,12
1,5059,42,3,1198,52,1
1,7007,48,12,970,42,37
1,31605,272,11,101,322,39
5,11347,122,15,163,127,15
3,1887,47,13,17,21,2
7,23199,277,18,1643,338,41
32,18266,595,24,613,585,10
34602,118699236,1120960,114706,5925259,1174536,112470
