LOC,TotalImplSmells,TotalDesignSmells,ImplSmellDensity,DesignSmellDensity,,,
802,15,5,18.7032419,6.234413965,,,
339,21,5,61.94690265,14.74926254,,Impl,0.3183667
8560,169,121,19.74299065,14.13551402,,design,-0.07051977
617,24,6,38.89789303,9.724473258,,,
103979,2893,864,27.82292578,8.309370161,,,
1044,13,36,12.45210728,34.48275862,,,
427,23,25,53.86416862,58.54800937,,,
2359,69,58,29.24968207,24.58668928,,,
275,13,1,47.27272727,3.636363636,,,
1164,66,9,56.70103093,7.731958763,,,
9149,441,76,48.20198929,8.306918789,,,
68,0,0,0,0,,,
407,5,5,12.28501229,12.28501229,,,
1365,41,11,30.03663004,8.058608059,,,
22473,1578,165,70.21759445,7.342143906,,,
249,13,5,52.20883534,20.08032129,,,
572,4,14,6.993006993,24.47552448,,,
240,5,1,20.83333333,4.166666667,,,
108,3,4,27.77777778,37.03703704,,,
878,19,21,21.64009112,23.91799544,,,
2383,6,19,2.517834662,7.973143097,,,
3670,85,79,23.16076294,21.52588556,,,
128,5,0,39.0625,0,,,
5147,252,117,48.96055955,22.73168836,,,
619,11,3,17.77059774,4.846526656,,,
1709,31,10,18.13926273,5.851375073,,,
17899,464,192,25.92323593,10.72685625,,,
12301,516,85,41.94780912,6.910007316,,,
228,1,2,4.385964912,8.771929825,,,
2079,30,38,14.43001443,18.27801828,,,
1070,7,35,6.542056075,32.71028037,,,
2676,23,51,8.594917788,19.05829596,,,
672,21,2,31.25,2.976190476,,,
7968,1339,109,168.0471888,13.67971888,,,
175187,4018,1220,22.93549179,6.963987054,,,
505,8,14,15.84158416,27.72277228,,,
19,0,1,0,52.63157895,,,
42511,3034,590,71.36976312,13.87876079,,,
113,4,7,35.39823009,61.94690265,,,
340,8,3,23.52941176,8.823529412,,,
1697,27,25,15.91043017,14.73187979,,,
6725,254,100,37.76951673,14.86988848,,,
159,18,0,113.2075472,0,,,
2079,1567,26,753.7277537,12.50601251,,,
2706,743,23,274.5750185,8.499630451,,,
1837,254,11,138.2689167,5.988023952,,,
1248,107,4,85.73717949,3.205128205,,,
355,9,3,25.35211268,8.450704225,,,
6424,938,24,146.014944,3.735990037,,,
516,14,31,27.13178295,60.07751938,,,
221,1,1,4.524886878,4.524886878,,,
1200,16,14,13.33333333,11.66666667,,,
10250,129,108,12.58536585,10.53658537,,,
308,2,3,6.493506494,9.74025974,,,
1216,14,13,11.51315789,10.69078947,,,
398,22,4,55.27638191,10.05025126,,,
3514,169,18,48.09334092,5.122367672,,,
718,21,3,29.24791086,4.178272981,,,
3622,169,22,46.65930425,6.073992269,,,
1068,12,8,11.23595506,7.490636704,,,
55964,5522,454,98.67057394,8.112357944,,,
19637,534,198,27.19356317,10.08300657,,,
95,0,1,0,10.52631579,,,
24926,2700,201,108.3206291,8.063869052,,,
1321,15,20,11.35503407,15.14004542,,,
1727,27,8,15.63404748,4.632310365,,,
1025,68,15,66.34146341,14.63414634,,,
69,1,0,14.49275362,0,,,
5767,1346,52,233.3969135,9.016819837,,,
202,3,0,14.85148515,0,,,
670,14,27,20.89552239,40.29850746,,,
884,15,2,16.96832579,2.262443439,,,
1309,72,15,55.00381971,11.45912911,,,
231,3,3,12.98701299,12.98701299,,,
27339,3031,240,110.8672592,8.778667837,,,
1035,117,12,113.0434783,11.5942029,,,
187,16,0,85.56149733,0,,,
2299,24,27,10.43932144,11.74423662,,,
542,1,16,1.84501845,29.5202952,,,
4462,39,37,8.740475123,8.29224563,,,
909,9,13,9.900990099,14.30143014,,,
982,4,7,4.073319756,7.128309572,,,
0,0,0,0,0,,,
1184,33,3,27.87162162,2.533783784,,,
66972,4776,1060,71.3133847,15.82751,,,
57999,5372,408,92.62228659,7.034604045,,,
434,12,13,27.64976959,29.95391705,,,
112646,12972,825,115.1572182,7.323828631,,,
362,3,3,8.287292818,8.287292818,,,
30915,1351,377,43.70046903,12.19472748,,,
5846,56,61,9.579199453,10.43448512,,,
36,0,2,0,55.55555556,,,
999,21,5,21.02102102,5.005005005,,,
316,5,10,15.82278481,31.64556962,,,
606,54,13,89.10891089,21.45214521,,,
9844,402,79,40.83705811,8.025193011,,,
1202,88,6,73.21131448,4.991680532,,,
6140,398,45,64.82084691,7.328990228,,,
587,4,6,6.814310051,10.22146508,,,
5353,94,30,17.56024659,5.604334018,,,
13205,1207,107,91.40477092,8.102991291,,,
5573,853,210,153.0593935,37.68167953,,,
1612,9,58,5.583126551,35.98014888,,,
17524,748,161,42.68431865,9.187400137,,,
110205,2630,486,23.86461594,4.40996325,,,
62,1,1,16.12903226,16.12903226,,,
2863,312,15,108.976598,5.239259518,,,
67,0,1,0,14.92537313,,,
830,59,10,71.08433735,12.04819277,,,
326,7,7,21.47239264,21.47239264,,,
229,2,0,8.733624454,0,,,
287,4,4,13.93728223,13.93728223,,,
316,7,1,22.15189873,3.164556962,,,
1138,36,7,31.6344464,6.151142355,,,
1474,48,18,32.56445047,12.21166893,,,
138979,3426,1610,24.6512063,11.58448399,,,
209,10,1,47.84688995,4.784688995,,,
0,0,0,0,0,,,
852,27,9,31.69014085,10.56338028,,,
1126,10,17,8.880994671,15.09769094,,,
356,16,1,44.94382022,2.808988764,,,
494,2,7,4.048582996,14.17004049,,,
256,1,6,3.90625,23.4375,,,
236,2,4,8.474576271,16.94915254,,,
1346,11,39,8.172362556,28.97473997,,,
525,91,1,173.3333333,1.904761905,,,
0,0,0,0,0,,,
1289,3,34,2.32738557,26.37703646,,,
9987,325,140,32.542305,14.01822369,,,
102,0,1,0,9.803921569,,,
0,0,0,0,0,,,
1728,34,56,19.67592593,32.40740741,,,
10710,120,207,11.20448179,19.32773109,,,
3657,495,50,135.3568499,13.67240908,,,
1349,32,20,23.72127502,14.82579689,,,
586,16,11,27.30375427,18.77133106,,,
1120,85,11,75.89285714,9.821428571,,,
320,1,14,3.125,43.75,,,
29200,979,225,33.52739726,7.705479452,,,
8321,566,75,68.02067059,9.013339743,,,
191,0,19,0,99.47643979,,,
226,5,12,22.12389381,53.09734513,,,
136,1,1,7.352941176,7.352941176,,,
2830,260,48,91.87279152,16.96113074,,,
602,32,2,53.15614618,3.322259136,,,
4186,269,26,64.26182513,6.211180124,,,
1568,22,47,14.03061224,29.9744898,,,
3830,201,41,52.48041775,10.70496084,,,
1130,4,25,3.539823009,22.12389381,,,
577,39,10,67.59098787,17.33102253,,,
3461,53,17,15.31349321,4.911875181,,,
4683,91,88,19.43198804,18.79137305,,,
2214,71,15,32.06865402,6.775067751,,,
271,2,2,7.380073801,7.380073801,,,
3157,268,37,84.89071904,11.71998733,,,
232,5,1,21.55172414,4.310344828,,,
374,4,3,10.69518717,8.021390374,,,
10353,444,84,42.88611997,8.113590264,,,
1764,10,36,5.66893424,20.40816327,,,
2075,206,36,99.27710843,17.34939759,,,
3226,119,38,36.88778673,11.77929324,,,
403,7,1,17.36972705,2.481389578,,,
585,276,5,471.7948718,8.547008547,,,
288,2,3,6.944444444,10.41666667,,,
299,8,2,26.75585284,6.688963211,,,
73,0,1,0,13.69863014,,,
13981,1017,112,72.74157786,8.010871898,,,
19171,2857,140,149.0271765,7.302696782,,,
8904,309,34,34.70350404,3.818508535,,,
3862,569,22,147.3329881,5.696530295,,,
0,0,0,0,0,,,
669,35,7,52.31689088,10.46337818,,,
581,11,9,18.93287435,15.49053356,,,
47560,1257,371,26.42977292,7.800672834,,,
44725,2383,577,53.28116266,12.90106205,,,
529,9,1,17.01323251,1.890359168,,,
239,1,3,4.184100418,12.55230126,,,
25508,286,124,11.21216873,4.861220009,,,
13396,450,233,33.59211705,17.39325172,,,
3682,404,15,109.7229766,4.073872895,,,
304,8,4,26.31578947,13.15789474,,,
804,34,9,42.28855721,11.19402985,,,
498,26,13,52.20883534,26.10441767,,,
1294,14,16,10.81916538,12.36476043,,,
198,7,2,35.35353535,10.1010101,,,
787,7,11,8.894536213,13.97712834,,,
22799,1541,254,67.5906838,11.14083951,,,
6207,138,68,22.23296278,10.95537297,,,
835,9,4,10.77844311,4.790419162,,,
246,2,6,8.130081301,24.3902439,,,
318,10,2,31.44654088,6.289308176,,,
454,8,3,17.62114537,6.607929515,,,
1233,17,10,13.78751014,8.110300081,,,
7025,158,49,22.4911032,6.975088968,,,
289,3,4,10.38062284,13.84083045,,,
10178,203,158,19.94497937,15.52367852,,,
46133,822,293,17.81804782,6.35120196,,,
70947,1529,400,21.55129886,5.638011473,,,
173,1,3,5.780346821,17.34104046,,,
1098,377,9,343.3515483,8.196721311,,,
1611,167,5,103.6623215,3.103662322,,,
21655,7422,152,342.7383976,7.019164165,,,
1001,59,21,58.94105894,20.97902098,,,
184,5,6,27.17391304,32.60869565,,,
1328,26,4,19.57831325,3.012048193,,,
2919,99,38,33.91572456,13.0181569,,,
3480,719,36,206.6091954,10.34482759,,,
2592,636,22,245.3703704,8.487654321,,,
2592,636,22,245.3703704,8.487654321,,,
997,19,17,19.05717151,17.05115346,,,
0,0,0,0,0,,,
96093,1055,1256,10.97894748,13.07067112,,,
285,22,8,77.19298246,28.07017544,,,
1264,44,38,34.81012658,30.06329114,,,
4932,57,50,11.55717762,10.1378751,,,
821,44,27,53.59317905,32.88672351,,,
1422,155,9,109.0014065,6.329113924,,,
5790,260,43,44.90500864,7.426597582,,,
1009,60,33,59.46481665,32.70564916,,,
1736,104,11,59.9078341,6.33640553,,,
2987,73,100,24.43923669,33.47840643,,,
3358,78,14,23.22811197,4.169148303,,,
495,14,11,28.28282828,22.22222222,,,
4716,448,88,94.99575912,18.65988126,,,
637,11,4,17.26844584,6.279434851,,,
495,26,5,52.52525253,10.1010101,,,
2664,104,23,39.03903904,8.633633634,,,
5522,1808,33,327.4176023,5.976095618,,,
341,11,2,32.25806452,5.865102639,,,
800,48,11,60,13.75,,,
2588,116,37,44.82225657,14.29675425,,,
296,13,1,43.91891892,3.378378378,,,
3846,20,132,5.200208008,34.32137285,,,
523,6,2,11.47227533,3.824091778,,,
13899,376,163,27.05230592,11.72746241,,,
5865,239,69,40.75021313,11.76470588,,,
445,27,5,60.6741573,11.23595506,,,
265,5,11,18.86792453,41.50943396,,,
1539,40,9,25.99090318,5.847953216,,,
118,1,4,8.474576271,33.89830508,,,
514,7,7,13.61867704,13.61867704,,,
248,2,2,8.064516129,8.064516129,,,
911,44,21,48.298573,23.05159166,,,
4734,286,27,60.41402619,5.703422053,,,
32403,29372,219,906.4592785,6.75863346,,,
423,5,10,11.82033097,23.64066194,,,
11925,83,121,6.960167715,10.14675052,,,
0,0,0,0,0,,,
3770,100,38,26.52519894,10.0795756,,,
2699,215,30,79.65913301,11.11522786,,,
304,6,5,19.73684211,16.44736842,,,
1239,19,24,15.33494754,19.37046005,,,
1903,1189,11,624.8029427,5.780346821,,,
254,0,15,0,59.05511811,,,
447,11,7,24.60850112,15.65995526,,,
30432,4085,439,134.2337014,14.42560463,,,
508,24,19,47.24409449,37.4015748,,,
340,16,11,47.05882353,32.35294118,,,
930,24,8,25.80645161,8.602150538,,,
382,4,8,10.47120419,20.94240838,,,
2845,461,38,162.0386643,13.35676626,,,
564,6,6,10.63829787,10.63829787,,,
2048,4,32,1.953125,15.625,,,
119248,8971,1516,75.22977325,12.71300148,,,
5544,100,91,18.03751804,16.41414141,,,
370,7,5,18.91891892,13.51351351,,,
4271,83,31,19.43338797,7.258253336,,,
0,0,0,0,0,,,
0,0,0,0,0,,,
1922,59,18,30.69719043,9.365244537,,,
178,0,2,0,11.23595506,,,
782,3,12,3.836317136,15.34526854,,,
18,1,1,55.55555556,55.55555556,,,
412,10,1,24.27184466,2.427184466,,,
2221,47,25,21.1616389,11.2561909,,,
696,2,4,2.873563218,5.747126437,,,
249,6,14,24.09638554,56.2248996,,,
1572,16,22,10.17811705,13.99491094,,,
257,22,0,85.60311284,0,,,
981,308,17,313.9653415,17.32925586,,,
2793,30,51,10.74113856,18.25993555,,,
24788,2283,317,92.10101662,12.78844602,,,
1879,405,9,215.5401809,4.789781799,,,
1952,26,6,13.31967213,3.073770492,,,
5740,133,24,23.17073171,4.181184669,,,
14438,386,202,26.73500485,13.99085746,,,
801,7,8,8.739076155,9.987515605,,,
3330,103,22,30.93093093,6.606606607,,,
3264,257,46,78.7377451,14.09313725,,,
10514,97,79,9.225794179,7.513791136,,,
129502,5062,1271,39.08819941,9.814520239,,,
3281,79,18,24.07802499,5.486132277,,,
3438,379,27,110.2385108,7.853403141,,,
4595,238,47,51.79542982,10.22850925,,,
546,12,8,21.97802198,14.65201465,,,
4544,42,70,9.242957746,15.40492958,,,
2787,87,28,31.21636168,10.04664514,,,
1966,38,57,19.32858596,28.99287894,,,
654,180,3,275.2293578,4.587155963,,,
8561,241,130,28.15091695,15.18514192,,,
6566,451,41,68.68717636,6.24428876,,,
1326,138,12,104.0723982,9.049773756,,,
464,10,7,21.55172414,15.0862069,,,
392,36,3,91.83673469,7.653061224,,,
5132,187,47,36.43803585,9.158222915,,,
776,20,3,25.77319588,3.865979381,,,
7205,275,273,38.16793893,37.89035392,,,
1937,225,15,116.1590088,7.743933918,,,
33821,1579,318,46.68696963,9.40244227,,,
167,1,1,5.988023952,5.988023952,,,
2015,0,5,0,2.481389578,,,
7854,32,97,4.074357016,12.3503947,,,
27376,434,296,15.85330216,10.81239041,,,
62,9,3,145.1612903,48.38709677,,,
270,27,7,100,25.92592593,,,
120,9,2,75,16.66666667,,,
461,72,10,156.1822126,21.69197397,,,
1161,186,6,160.2067183,5.167958656,,,
11216,696,57,62.05420827,5.082025678,,,
2680,15,115,5.597014925,42.91044776,,,
7342,20,93,2.724053391,12.66684827,,,
2128,210,24,98.68421053,11.27819549,,,
0,0,0,0,0,,,
185434,6731,1414,36.29862916,7.625354574,,,
116,0,4,0,34.48275862,,,
511,28,2,54.79452055,3.913894325,,,
456,0,12,0,26.31578947,,,
3509,39,59,11.11427757,16.8139071,,,
16663,287,118,17.22378923,7.081557943,,,
280,3,4,10.71428571,14.28571429,,,
8891,1079,50,121.3586773,5.62366438,,,
0,0,0,0,0,,,
597,13,3,21.77554439,5.025125628,,,
882,12,10,13.60544218,11.33786848,,,
1825,55,21,30.1369863,11.50684932,,,
122594,5925,1427,48.33026086,11.64004764,,,
132,11,0,83.33333333,0,,,
1557,45,24,28.9017341,15.41425819,,,
262,9,0,34.35114504,0,,,
5383,16,78,2.972320268,14.4900613,,,
1650,39,51,23.63636364,30.90909091,,,
305,0,5,0,16.39344262,,,
401,20,3,49.87531172,7.481296758,,,
7165,50,56,6.978367062,7.81577111,,,
1813,51,48,28.13017099,26.47545505,,,
2506,85,50,33.91859537,19.95211492,,,
31193,6094,173,195.3643446,5.546116116,,,
729,22,7,30.17832647,9.602194787,,,
283,1,2,3.533568905,7.067137809,,,
2627,220,45,83.74571755,17.12980586,,,
534,9,21,16.85393258,39.3258427,,,
1433,22,13,15.35240754,9.071877181,,,
386,12,4,31.0880829,10.3626943,,,
0,0,0,0,0,,,
10288,184,138,17.88491446,13.41368585,,,
1335,123,47,92.13483146,35.20599251,,,
190,6,1,31.57894737,5.263157895,,,
6335,752,44,118.7056038,6.945540647,,,
13780,135,84,9.796806967,6.095791001,,,
364,0,6,0,16.48351648,,,
21702,571,190,26.31093908,8.754953461,,,
3182,70,14,21.99874293,4.399748586,,,
9079,85,153,9.362264567,16.85207622,,,
252,1,1,3.968253968,3.968253968,,,
1482,22,9,14.84480432,6.072874494,,,
1636,30,27,18.33740831,16.50366748,,,
6440,188,58,29.19254658,9.00621118,,,
1608,31,14,19.27860697,8.706467662,,,
321,0,31,0,96.57320872,,,
531,6,9,11.29943503,16.94915254,,,
780,3,8,3.846153846,10.25641026,,,
49541,400,288,8.074120426,5.813366706,,,
345900,14454,3828,41.78664354,11.06678231,,,
435,0,6,0,13.79310345,,,
198,1,8,5.050505051,40.4040404,,,
1825,68,14,37.26027397,7.671232877,,,
246,6,8,24.3902439,32.5203252,,,
1281,45,10,35.12880562,7.806401249,,,
221,6,1,27.14932127,4.524886878,,,
2465,117,51,47.46450304,20.68965517,,,
2553,26,48,10.18409714,18.80141011,,,
4558,86,77,18.86792453,16.89337429,,,
2105,31,14,14.72684086,6.650831354,,,
158,5,0,31.64556962,0,,,
1354,5,29,3.692762186,21.41802068,,,
66,3,0,45.45454545,0,,,
67,1,0,14.92537313,0,,,
0,0,0,0,0,,,
397,10,7,25.18891688,17.63224181,,,
1005,96,6,95.52238806,5.970149254,,,
1550,85,11,54.83870968,7.096774194,,,
48280,246,424,5.095277548,8.782104391,,,
9,0,1,0,111.1111111,,,
184,0,13,0,70.65217391,,,
284,10,1,35.21126761,3.521126761,,,
660,15,25,22.72727273,37.87878788,,,
3822,91,21,23.80952381,5.494505495,,,
517,41,7,79.30367505,13.53965184,,,
353,13,5,36.82719547,14.16430595,,,
1039,191,7,183.8306064,6.737247353,,,
380,30,10,78.94736842,26.31578947,,,
576,35,6,60.76388889,10.41666667,,,
778,30,4,38.56041131,5.141388175,,,
546,44,7,80.58608059,12.82051282,,,
641,48,11,74.88299532,17.16068643,,,
759,75,2,98.81422925,2.635046113,,,
84097,3480,948,41.38078647,11.272697,,,
61043,130,887,2.129646315,14.53074063,,,
403,0,10,0,24.81389578,,,
733,21,19,28.64938608,25.92087312,,,
81294,9398,577,115.6050877,7.097694787,,,
2262,60,14,26.52519894,6.189213086,,,
218,10,3,45.87155963,13.76146789,,,
9650,111,162,11.50259067,16.78756477,,,
932,26,10,27.89699571,10.72961373,,,
52,0,5,0,96.15384615,,,
3121,21,74,6.728612624,23.71034925,,,
1547,24,11,15.51389787,7.110536522,,,
3577,99,41,27.67682415,11.46211909,,,
514,20,2,38.91050584,3.891050584,,,
1021,22,7,21.54750245,6.856023506,,,
1055,133,23,126.0663507,21.80094787,,,
616,15,13,24.35064935,21.1038961,,,
174,1,1,5.747126437,5.747126437,,,
664,1,14,1.506024096,21.08433735,,,
590,20,11,33.89830508,18.6440678,,,
1494,199,17,133.1994645,11.37884873,,,
542,21,8,38.74538745,14.7601476,,,
120,0,1,0,8.333333333,,,
643,21,13,32.65940902,20.21772939,,,
910,5,4,5.494505495,4.395604396,,,
972,19,16,19.5473251,16.46090535,,,
927,15,53,16.18122977,57.17367853,,,
532,5,8,9.398496241,15.03759398,,,
1554,25,7,16.08751609,4.504504505,,,
5091,270,72,53.03476724,14.1426046,,,
377,4,1,10.61007958,2.652519894,,,
1263,33,7,26.12826603,5.542359462,,,
1997,12,20,6.00901352,10.01502253,,,
29491,1854,297,62.86663728,10.07086908,,,
480,6,3,12.5,6.25,,,
4635,124,57,26.75296656,12.29773463,,,
752,3,12,3.989361702,15.95744681,,,
4816,68,56,14.11960133,11.62790698,,,
48262,829,345,17.17707513,7.148481207,,,
307,116,2,377.8501629,6.51465798,,,
455,93,5,204.3956044,10.98901099,,,
3361,57,24,16.95923832,7.140731925,,,
149,21,3,140.9395973,20.13422819,,,
162,1,0,6.172839506,0,,,
126,7,1,55.55555556,7.936507937,,,
1217,69,28,56.6967954,23.00739523,,,
218,6,0,27.52293578,0,,,
359,2,1,5.571030641,2.78551532,,,
31,0,2,0,64.51612903,,,
9444,379,74,40.1313003,7.835662855,,,
327,17,3,51.98776758,9.174311927,,,
220,3,3,13.63636364,13.63636364,,,
478,11,1,23.0125523,2.092050209,,,
611,25,14,40.91653028,22.91325696,,,
1641,12,3,7.31261426,1.828153565,,,
2697,53,17,19.65146459,6.303299963,,,
1390,72,30,51.79856115,21.58273381,,,
3458,37,121,10.69982649,34.99132447,,,
1442,38,9,26.35228849,6.241331484,,,
763,39,9,51.11402359,11.79554391,,,
2298,23,29,10.00870322,12.61966928,,,
303,10,2,33.00330033,6.600660066,,,
367,2,10,5.449591281,27.2479564,,,
298,6,5,20.13422819,16.77852349,,,
7918,92,85,11.61909573,10.7350341,,,
3341,159,30,47.59054175,8.979347501,,,
886,17,9,19.18735892,10.15801354,,,
236,17,0,72.03389831,0,,,
448,10,11,22.32142857,24.55357143,,,
1397,52,6,37.2226199,4.294917681,,,
0,0,0,0,0,,,
472110,59143,2563,125.2737709,5.428819555,,,
686,31,12,45.18950437,17.49271137,,,
2058,81,13,39.35860058,6.316812439,,,
2531,88,30,34.76886606,11.85302252,,,
2740,102,17,37.22627737,6.204379562,,,
194,0,2,0,10.30927835,,,
23779,776,192,32.63383658,8.074351318,,,
996,13,7,13.05220884,7.02811245,,,
823,54,16,65.61360875,19.44106926,,,
1093,41,9,37.51143641,8.234217749,,,
4022,157,25,39.03530582,6.215813028,,,
680,16,10,23.52941176,14.70588235,,,
1092,5,36,4.578754579,32.96703297,,,
1262,6,20,4.754358162,15.84786054,,,
55774,2159,716,38.70979309,12.83752286,,,
55473,2116,730,38.144683,13.1595551,,,
74663,2669,933,35.74729116,12.49614936,,,
74753,2639,936,35.30293099,12.52123661,,,
55916,2161,721,38.6472566,12.89434151,,,
55340,2112,725,38.16407662,13.10083123,,,
1603,236,22,147.2239551,13.724267,,,
1201,67,3,55.7868443,2.497918401,,,
0,0,0,0,0,,,
121,2,3,16.52892562,24.79338843,,,
458,1,26,2.183406114,56.76855895,,,
1879,0,192,0,102.1820117,,,
599,55,2,91.8196995,3.338898164,,,
518,74,4,142.8571429,7.722007722,,,
624,51,7,81.73076923,11.21794872,,,
2362,67,5,28.3657917,2.116850127,,,
2689,23,79,8.553365563,29.37895128,,,
600,12,6,20,10,,,
1058,34,3,32.13610586,2.835538752,,,
30131,1317,363,43.70913677,12.04739305,,,
3062,138,24,45.06858263,7.83801437,,,
1127,19,24,16.85891748,21.29547471,,,
54,0,1,0,18.51851852,,,
268,13,1,48.50746269,3.731343284,,,
6620,59,89,8.912386707,13.44410876,,,
908,15,10,16.51982379,11.01321586,,,
10268,755,71,73.52941176,6.914686404,,,
222453,922,116,4.144695733,0.521458465,,,
230,1,2,4.347826087,8.695652174,,,
398,2,9,5.025125628,22.61306533,,,
1977,57,39,28.83156297,19.72685888,,,
518,23,8,44.4015444,15.44401544,,,
370,22,3,59.45945946,8.108108108,,,
2706,91,67,33.62897265,24.75979305,,,
285,2,6,7.01754386,21.05263158,,,
518,18,5,34.74903475,9.652509653,,,
1173,47,16,40.06820119,13.6402387,,,
496,5,20,10.08064516,40.32258065,,,
3464,54,35,15.58891455,10.1039261,,,
4815,168,17,34.89096573,3.530633437,,,
5454,295,28,54.08874221,5.133846718,,,
1164,4,58,3.436426117,49.82817869,,,
86,0,3,0,34.88372093,,,
14705,170,263,11.56069364,17.8850731,,,
697,34,15,48.7804878,21.52080344,,,
794,25,4,31.4861461,5.037783375,,,
301,13,3,43.18936877,9.966777409,,,
120,2,0,16.66666667,0,,,
276,3,1,10.86956522,3.623188406,,,
109,0,1,0,9.174311927,,,
1293,17,20,13.14771848,15.4679041,,,
1368,5,18,3.65497076,13.15789474,,,
1034,112,3,108.3172147,2.901353965,,,
1251,19,40,15.18784972,31.97442046,,,
20712,1756,117,84.78176902,5.648899189,,,
107,4,1,37.38317757,9.345794393,,,
2828,4,39,1.414427157,13.79066478,,,
288,7,4,24.30555556,13.88888889,,,
1968,21,56,10.67073171,28.45528455,,,
1387,32,4,23.07137707,2.883922134,,,
1715,45,10,26.23906706,5.83090379,,,
606,198,5,326.7326733,8.250825083,,,
10034,834,107,83.11740084,10.66374327,,,
46727,1502,422,32.14415648,9.031181116,,,
748,16,18,21.39037433,24.06417112,,,
2250,165,27,73.33333333,12,,,
104,4,2,38.46153846,19.23076923,,,
10669,128,204,11.99737557,19.12081732,,,
1493,31,5,20.7635633,3.348961822,,,
122,4,1,32.78688525,8.196721311,,,
1485,10,33,6.734006734,22.22222222,,,
71290,2273,850,31.88385468,11.92313087,,,
5145,198,151,38.48396501,29.34888241,,,
565,7,16,12.38938053,28.31858407,,,
432,3,2,6.944444444,4.62962963,,,
454,7,25,15.4185022,55.0660793,,,
566,3,13,5.300353357,22.96819788,,,
8174,432,32,52.85050159,3.91485197,,,
3357,148,78,44.08698242,23.23503128,,,
1056,153,0,144.8863636,0,,,
0,0,0,0,0,,,
0,0,0,0,0,,,
96,0,4,0,41.66666667,,,
756,77,3,101.8518519,3.968253968,,,
905,2,26,2.209944751,28.72928177,,,
2135,20,28,9.367681499,13.1147541,,,
5600,108,22,19.28571429,3.928571429,,,
33948,244,445,7.187463179,13.10828326,,,
60323,3944,703,65.38136366,11.65392968,,,
8338,787,169,94.3871432,20.26864956,,,
547,7,2,12.79707495,3.65630713,,,
370,28,7,75.67567568,18.91891892,,,
21717,3205,816,147.5802367,37.57425059,,,
32405,649,133,20.02777349,4.104304891,,,
60598,1376,663,22.70702003,10.94095515,,,
120,1,2,8.333333333,16.66666667,,,
1057,80,9,75.6859035,8.514664144,,,
3091,75,34,24.26399224,10.99967648,,,
2110,183,23,86.72985782,10.90047393,,,
1470,72,18,48.97959184,12.24489796,,,
1335,20,6,14.98127341,4.494382022,,,
858,1,12,1.165501166,13.98601399,,,
1526,525,11,344.0366972,7.208387942,,,
2668,202,16,75.71214393,5.997001499,,,
12092,555,85,45.89811446,7.029440953,,,
412,5,9,12.13592233,21.84466019,,,
2447,27,81,11.03391908,33.10175725,,,
912,51,9,55.92105263,9.868421053,,,
3317,86,24,25.92704251,7.235453723,,,
4325,280,62,64.73988439,14.33526012,,,
7,0,1,0,142.8571429,,,
6366,659,42,103.5186931,6.597549482,,,
2891,550,41,190.2455898,14.18194396,,,
473,0,24,0,50.73995772,,,
2334,86,26,36.84661525,11.13967438,,,
744,5,5,6.720430108,6.720430108,,,
523126,13727,4719,26.24033216,9.020771286,,,
115,3,3,26.08695652,26.08695652,,,
3332,74,56,22.20888355,16.80672269,,,
409,42,5,102.6894866,12.22493888,,,
300,6,1,20,3.333333333,,,
518,12,5,23.16602317,9.652509653,,,
953,23,19,24.1343127,19.93704092,,,
0,0,0,0,0,,,
302,57,3,188.7417219,9.933774834,,,
1614,74,9,45.8488228,5.576208178,,,
0,0,0,0,0,,,
1159,18,5,15.53062985,4.314063848,,,
1340,95,12,70.89552239,8.955223881,,,
1719,10,55,5.81733566,31.99534613,,,
130,59,2,453.8461538,15.38461538,,,
991,66,18,66.59939455,18.16347124,,,
180,3,2,16.66666667,11.11111111,,,
1359,10,8,7.358351729,5.886681383,,,
504,12,5,23.80952381,9.920634921,,,
3584,276,48,77.00892857,13.39285714,,,
1080,11,13,10.18518519,12.03703704,,,
118,6,2,50.84745763,16.94915254,,,
594,19,7,31.98653199,11.78451178,,,
820,174,5,212.195122,6.097560976,,,
3235,36,34,11.12828439,10.51004637,,,
545,16,2,29.35779817,3.669724771,,,
1457,564,6,387.0967742,4.118050789,,,
278,27,3,97.12230216,10.79136691,,,
138,2,5,14.49275362,36.23188406,,,
1195,35,16,29.28870293,13.38912134,,,
2220,46,69,20.72072072,31.08108108,,,
2602,56,22,21.52190623,8.455034589,,,
421,3,1,7.125890736,2.375296912,,,
935,37,14,39.57219251,14.97326203,,,
990,49,6,49.49494949,6.060606061,,,
5930,346,44,58.34738617,7.41989882,,,
2838,22,46,7.751937984,16.2085976,,,
135,0,3,0,22.22222222,,,
585,11,4,18.8034188,6.837606838,,,
3043,140,39,46.00722971,12.8162997,,,
10772,2520,158,233.939844,14.66765689,,,
787,10,7,12.7064803,8.894536213,,,
0,0,0,0,0,,,
234,8,2,34.18803419,8.547008547,,,
2013,27,40,13.41281669,19.87083954,,,
1329,95,6,71.48231753,4.514672686,,,
1098,26,29,23.67941712,26.41165756,,,
1158,140,4,120.8981002,3.454231434,,,
4369,122,38,27.92401007,8.697642481,,,
2726,115,21,42.18635363,7.703595011,,,
614,17,3,27.68729642,4.885993485,,,
6860,143,98,20.84548105,14.28571429,,,
400,5,8,12.5,20,,,
2765,29,48,10.48824593,17.35985533,,,
194,13,2,67.01030928,10.30927835,,,
333,18,4,54.05405405,12.01201201,,,
7516,52,70,6.918573709,9.313464609,,,
1422,14,23,9.845288326,16.17440225,,,
5680,245,144,43.13380282,25.35211268,,,
71053,4974,632,70.00408146,8.894768694,,,
590,17,7,28.81355932,11.86440678,,,
877,20,7,22.8050171,7.981755986,,,
2101,148,10,70.44264636,4.759638267,,,
438,31,4,70.77625571,9.132420091,,,
2698,75,11,27.79836916,4.077094144,,,
1415,112,17,79.15194346,12.01413428,,,
24779,2128,179,85.87917188,7.223858913,,,
668,4,2,5.988023952,2.994011976,,,
28272,1022,355,36.14883984,12.5565931,,,
222,3,12,13.51351351,54.05405405,,,
55196,865,829,15.67142547,15.01920429,,,
55196,865,829,15.67142547,15.01920429,,,
2541,100,45,39.35458481,17.70956316,,,
13687,40,147,2.922481187,10.74011836,,,
3626,1308,35,360.728075,9.652509653,,,
170,6,2,35.29411765,11.76470588,,,
4638,259,22,55.84303579,4.74342389,,,
234,5,1,21.36752137,4.273504274,,,
423,0,3,0,7.092198582,,,
4358,78,68,17.8981184,15.60348784,,,
882,27,7,30.6122449,7.936507937,,,
38681,1393,426,36.0125126,11.01315892,,,
11604,375,90,32.31644261,7.755946225,,,
8926,157,91,17.58906565,10.19493614,,,
255,5,9,19.60784314,35.29411765,,,
7706,435,99,56.44951985,12.8471321,,,
1568,47,15,29.9744898,9.566326531,,,
1383,35,10,25.30730296,7.23065799,,,
3292,77,46,23.39003645,13.97326853,,,
12835,573,81,44.64355279,6.310868718,,,
1733,168,19,96.94171956,10.96364686,,,
269,3,2,11.15241636,7.434944238,,,
1184,20,19,16.89189189,16.0472973,,,
96862,1549,1603,15.99182342,16.54931759,,,
507,12,3,23.66863905,5.917159763,,,
2706,30,39,11.0864745,14.41241685,,,
1367,11,11,8.046817849,8.046817849,,,
36604,585,435,15.98185991,11.88394711,,,
227,26,4,114.5374449,17.62114537,,,
1025,20,18,19.51219512,17.56097561,,,
1020,12,6,11.76470588,5.882352941,,,
307,6,9,19.54397394,29.31596091,,,
172,0,5,0,29.06976744,,,
571,2,3,3.50262697,5.253940455,,,
1977,22,12,11.12797167,6.069802731,,,
23567,1331,203,56.47727755,8.613739551,,,
3492,112,51,32.07331042,14.604811,,,
106,5,0,47.16981132,0,,,
742,13,18,17.52021563,24.25876011,,,
42,1,1,23.80952381,23.80952381,,,
29,0,1,0,34.48275862,,,
171,10,2,58.47953216,11.69590643,,,
389,5,6,12.85347044,15.42416452,,,
6894,529,64,76.73339135,9.283434871,,,
128,2,2,15.625,15.625,,,
2549,319,30,125.1471165,11.7693213,,,
359,4,4,11.14206128,11.14206128,,,
1566,3,20,1.915708812,12.77139208,,,
1086,31,7,28.54511971,6.445672192,,,
9427,168,93,17.82115201,9.865280577,,,
189,1,3,5.291005291,15.87301587,,,
108,0,4,0,37.03703704,,,
918,15,9,16.33986928,9.803921569,,,
416716,10190,3979,24.45310475,9.548469461,,,
4949,304,106,61.42655082,21.41846838,,,
1017,5,3,4.916420846,2.949852507,,,
400,4,7,10,17.5,,,
1187,16,16,13.47935973,13.47935973,,,
12078,21,122,1.73869846,10.1010101,,,
367,7,4,19.07356948,10.89918256,,,
1939,156,8,80.45384219,4.125838061,,,
1571,19,16,12.09420751,10.1845958,,,
775,63,14,81.29032258,18.06451613,,,
23221,375,152,16.14917532,6.545799061,,,
3039,137,29,45.08061862,9.542612702,,,
0,0,0,0,0,,,
4427,66,42,14.90851593,9.487237407,,,
83306,3324,2613,39.90108756,31.36628814,,,
693,3,18,4.329004329,25.97402597,,,
515,3,20,5.825242718,38.83495146,,,
1889,144,14,76.23080995,7.411328745,,,
520,5,3,9.615384615,5.769230769,,,
19666,492,352,25.01779721,17.89891183,,,
3111,413,43,132.7547412,13.82192221,,,
1793,21,13,11.71221417,7.250418293,,,
1321,22,8,16.65404996,6.056018168,,,
1746,27,23,15.46391753,13.17296678,,,
2943,52,40,17.66904519,13.59157322,,,
98,6,3,61.2244898,30.6122449,,,
1086,1,52,0.920810313,47.88213628,,,
597,25,13,41.8760469,21.77554439,,,
420,23,21,54.76190476,50,,,
486,40,7,82.30452675,14.40329218,,,
522,8,2,15.3256705,3.831417625,,,
752,7,11,9.308510638,14.62765957,,,
102,4,1,39.21568627,9.803921569,,,
318,5,1,15.72327044,3.144654088,,,
9256,363,63,39.21780467,6.806395851,,,
383,7,3,18.2767624,7.832898172,,,
2770,24,31,8.664259928,11.19133574,,,
2358,36,52,15.26717557,22.05258694,,,
1020,19,38,18.62745098,37.25490196,,,
0,0,0,0,0,,,
26898,1356,254,50.41267009,9.44308127,,,
2123,140,40,65.94441828,18.84126236,,,
83,8,0,96.38554217,0,,,
195,4,4,20.51282051,20.51282051,,,
475,28,14,58.94736842,29.47368421,,,
509,4,5,7.858546169,9.823182711,,,
1822,72,28,39.51701427,15.36772777,,,
211,4,20,18.95734597,94.78672986,,,
2397,101,11,42.13600334,4.58906967,,,
58966,2430,708,41.21018892,12.00691924,,,
125939,3411,1426,27.08454093,11.32294206,,,
2247,160,13,71.20605251,5.785491767,,,
2357,1678,4,711.9219347,1.69707255,,,
697,15,5,21.52080344,7.173601148,,,
644,12,8,18.63354037,12.42236025,,,
1313,22,6,16.75552171,4.569687738,,,
614,2,8,3.25732899,13.02931596,,,
296,6,3,20.27027027,10.13513514,,,
2831,25,92,8.830801837,32.49735076,,,
105,5,3,47.61904762,28.57142857,,,
641,7,18,10.92043682,28.08112324,,,
585,8,7,13.67521368,11.96581197,,,
178,7,1,39.3258427,5.617977528,,,
344,3,4,8.720930233,11.62790698,,,
6052,16,6,2.643754131,0.991407799,,,
241,2,4,8.298755187,16.59751037,,,
31977,718,503,22.45363855,15.73005598,,,
914,41,8,44.85776805,8.75273523,,,
659,7,3,10.62215478,4.552352049,,,
979,18,4,18.38610827,4.085801839,,,
5420,341,31,62.91512915,5.719557196,,,
605,3,9,4.958677686,14.87603306,,,
1165,16,17,13.73390558,14.59227468,,,
1398,27,44,19.31330472,31.47353362,,,
50,1,1,20,20,,,
2171,17,10,7.83049286,4.606172271,,,
6347,167,41,26.3116433,6.459744761,,,
881,22,3,24.97162316,3.405221339,,,
370,17,1,45.94594595,2.702702703,,,
1881,37,9,19.67038809,4.784688995,,,
1267,18,12,14.20678769,9.471191792,,,
2170,108,35,49.76958525,16.12903226,,,
52692,3323,453,63.06460184,8.597130494,,,
5930,346,44,58.34738617,7.41989882,,,
2889,49,20,16.96088612,6.922810661,,,
830,53,7,63.85542169,8.43373494,,,
13916,482,101,34.63638977,7.257832711,,,
207426,9696,2181,46.74438113,10.51459316,,,
98,2,1,20.40816327,10.20408163,,,
250,7,7,28,28,,,
712,23,11,32.30337079,15.4494382,,,
304,21,4,69.07894737,13.15789474,,,
960,119,17,123.9583333,17.70833333,,,
677,12,11,17.72525849,16.24815362,,,
43350,5122,780,118.1545559,17.99307958,,,
221,3,11,13.57466063,49.77375566,,,
870,9,32,10.34482759,36.7816092,,,
539,7,4,12.98701299,7.421150278,,,
636,2,11,3.144654088,17.29559748,,,
536,12,1,22.3880597,1.865671642,,,
941,10,14,10.62699256,14.87778959,,,
185,12,4,64.86486486,21.62162162,,,
42798,1377,406,32.17440067,9.486424599,,,
1496,123,7,82.21925134,4.679144385,,,
392,12,3,30.6122449,7.653061224,,,
5604,66,166,11.77730193,29.62169879,,,
597,14,5,23.45058626,8.37520938,,,
7212,109,73,15.11369939,10.12201886,,,
180,1,15,5.555555556,83.33333333,,,
23232,501,107,21.56508264,4.605716253,,,
35609,1748,188,49.08871353,5.279564155,,,
14244,546,105,38.33192923,7.371524853,,,
350,18,13,51.42857143,37.14285714,,,
3880,97,227,25,58.50515464,,,
347,256,2,737.7521614,5.763688761,,,
4014,150,37,37.36920777,9.217737917,,,
120,8,2,66.66666667,16.66666667,,,
3387,264,48,77.94508415,14.17183348,,,
4624,288,72,62.28373702,15.57093426,,,
1885,29,38,15.38461538,20.15915119,,,
4469,72,63,16.1109868,14.09711345,,,
157,6,5,38.21656051,31.84713376,,,
712,56,9,78.65168539,12.64044944,,,
181,0,13,0,71.82320442,,,
3942,44,45,11.16184678,11.41552511,,,
17586,560,152,31.84351188,8.64323894,,,
761,11,9,14.45466491,11.82654402,,,
29396,20496,171,697.2377194,5.817117975,,,
37,0,3,0,81.08108108,,,
483,5,13,10.35196687,26.91511387,,,
2544,468,16,183.9622642,6.289308176,,,
811,51,5,62.88532676,6.165228113,,,
6,0,0,0,0,,,
3987,976,11,244.7955857,2.758966642,,,
3087,57,30,18.46452867,9.718172983,,,
94,2,1,21.27659574,10.63829787,,,
1290,118,7,91.47286822,5.426356589,,,
38,1,2,26.31578947,52.63157895,,,
406,1,1,2.463054187,2.463054187,,,
4803,147,44,30.60587133,9.160941078,,,
9464,642,92,67.83601014,9.721048183,,,
4645,87,37,18.72981701,7.96555436,,,
2614,90,9,34.42999235,3.442999235,,,
4309,94,148,21.81480622,34.34671618,,,
2289,103,16,44.99781564,6.989951944,,,
8306,151,247,18.17962918,29.73753913,,,
37,0,1,0,27.02702703,,,
174,2,4,11.49425287,22.98850575,,,
99,1,2,10.1010101,20.2020202,,,
703,1,9,1.422475107,12.80227596,,,
137,33,4,240.8759124,29.19708029,,,
731,59,9,80.71135431,12.3119015,,,
8106,226,158,27.88058228,19.49173452,,,
4526,256,21,56.56208573,4.639858595,,,
3278,42,24,12.81269067,7.321537523,,,
10920,149,102,13.64468864,9.340659341,,,
0,0,0,0,0,,,
0,0,0,0,0,,,
560,21,5,37.5,8.928571429,,,
4527,234,58,51.68986083,12.81201679,,,
7342,261,116,35.54889676,15.79950967,,,
1585,834,17,526.1829653,10.72555205,,,
319756,16600,3390,51.91458487,10.6018339,,,
27798,4108,116,147.7804159,4.172962084,,,
926,45,15,48.59611231,16.1987041,,,
5553,98,85,17.64811813,15.30704124,,,
704,131,3,186.0795455,4.261363636,,,
1118,61,7,54.56171735,6.26118068,,,
4372,270,26,61.75663312,5.946935041,,,
47028,6995,425,148.7411755,9.037169346,,,
3617,337,44,93.1711363,12.16477744,,,
66,0,2,0,30.3030303,,,
68,0,8,0,117.6470588,,,
1558,82,40,52.63157895,25.67394095,,,
7379,135,54,18.29516195,7.318064778,,,
8356,177,111,21.18238392,13.28386788,,,
15413,1187,94,77.01291118,6.09874781,,,
107,2,4,18.69158879,37.38317757,,,
855,1,5,1.169590643,5.847953216,,,
175,6,3,34.28571429,17.14285714,,,
61,0,1,0,16.39344262,,,
6133,97,99,15.81607696,16.14218164,,,
36530,355,429,9.718039967,11.74377224,,,
2385,105,17,44.02515723,7.1278826,,,
246,6,1,24.3902439,4.06504065,,,
216,8,5,37.03703704,23.14814815,,,
235,1,4,4.255319149,17.0212766,,,
2105,29,11,13.77672209,5.225653207,,,
74781,3464,860,46.32192669,11.50024739,,,
1471,89,28,60.50305914,19.03467029,,,
467,13,4,27.8372591,8.565310493,,,
59315,2533,468,42.70420636,7.890078395,,,
19931,614,168,30.80628167,8.429080327,,,
2382,57,13,23.92947103,5.457598657,,,
84,6,1,71.42857143,11.9047619,,,
114,25,1,219.2982456,8.771929825,,,
2700,73,29,27.03703704,10.74074074,,,
11326,1428,57,126.0815822,5.032668197,,,
12086,130,94,10.7562469,7.77759391,,,
4993,1336,86,267.5746044,17.22411376,,,
4214,63,82,14.95016611,19.45894637,,,
552,2,10,3.623188406,18.11594203,,,
960,11,13,11.45833333,13.54166667,,,
1272,156,7,122.6415094,5.503144654,,,
517,12,7,23.21083172,13.53965184,,,
343,6,2,17.49271137,5.83090379,,,
2201,10,44,4.543389368,19.99091322,,,
269,0,4,0,14.86988848,,,
88,2,3,22.72727273,34.09090909,,,
262,0,5,0,19.08396947,,,
526,12,2,22.81368821,3.802281369,,,
42821,1377,406,32.15711917,9.481329254,,,
590,8,10,13.55932203,16.94915254,,,
465,20,12,43.01075269,25.80645161,,,
19081,1182,283,61.94643887,14.83150778,,,
213928,26658,2360,124.612019,11.031749,,,
1331,68,5,51.08940646,3.756574005,,,
3203,33,10,10.30284109,3.122073057,,,
333,9,1,27.02702703,3.003003003,,,
3547,48,48,13.53256273,13.53256273,,,
246,11,2,44.71544715,8.130081301,,,
1528,38,15,24.86910995,9.816753927,,,
9456,2223,64,235.0888325,6.768189509,,,
7,0,0,0,0,,,
216,0,2,0,9.259259259,,,
306,10,4,32.67973856,13.07189542,,,
13425,197,333,14.67411546,24.80446927,,,
2068,64,34,30.94777563,16.4410058,,,
8248,298,129,36.1299709,15.64015519,,,
2119,100,46,47.19207173,21.708353,,,
1265,33,16,26.08695652,12.64822134,,,
2545,62,44,24.36149312,17.28880157,,,
2822,42,26,14.88306166,9.213323884,,,
122,0,1,0,8.196721311,,,
936,26,6,27.77777778,6.41025641,,,
15371,157,174,10.21403942,11.32001822,,,
3561,17,31,4.773939905,8.705419826,,,
44871,1460,413,32.53771924,9.204163045,,,
904,31,6,34.2920354,6.637168142,,,
6968,343,24,49.2250287,3.444316877,,,
455,1,10,2.197802198,21.97802198,,,
165,0,2,0,12.12121212,,,
116,8,0,68.96551724,0,,,
1117,2,24,1.790510295,21.48612355,,,
2051,51,23,24.86591906,11.21404193,,,
166,0,4,0,24.09638554,,,
261,9,8,34.48275862,30.651341,,,
0,0,0,0,0,,,
909,46,16,50.60506051,17.60176018,,,
4308,201,32,46.65738162,7.428040854,,,
617,14,1,22.6904376,1.620745543,,,
654,34,5,51.98776758,7.645259939,,,
490,27,1,55.10204082,2.040816327,,,
764,35,3,45.81151832,3.926701571,,,
1694,89,9,52.53837072,5.312868949,,,
55,1,1,18.18181818,18.18181818,,,
5220,146,81,27.96934866,15.51724138,,,
101,6,0,59.40594059,0,,,
207,35,1,169.0821256,4.830917874,,,
230,7,3,30.43478261,13.04347826,,,
4646,129,25,27.76582006,5.38097288,,,
2682,275,77,102.5354213,28.70991797,,,
211,0,3,0,14.21800948,,,
3567,23,67,6.447995514,18.78329128,,,
6193,489,84,78.96011626,13.56370095,,,
775,32,12,41.29032258,15.48387097,,,
0,0,0,0,0,,,
1222,36,17,29.4599018,13.91162029,,,
636,17,1,26.72955975,1.572327044,,,
2654,10,14,3.767897513,5.275056518,,,
132109,3681,1463,27.86335526,11.07418874,,,
615,1,19,1.62601626,30.89430894,,,
861,18,33,20.90592334,38.32752613,,,
1377,65,12,47.20406681,8.71459695,,,
228,8,0,35.0877193,0,,,
19400,316,184,16.28865979,9.484536082,,,
3156,16,46,5.069708492,14.57541191,,,
1653,22,43,13.30913491,26.01330913,,,
2867,69,53,24.06696896,18.48622253,,,
231520,8596,1909,37.12854181,8.245507947,,,
275,2,15,7.272727273,54.54545455,,,
1972,27,49,13.69168357,24.84787018,,,
0,0,0,0,0,,,
301,14,7,46.51162791,23.25581395,,,
832,118,12,141.8269231,14.42307692,,,
16933,1049,171,61.95003839,10.09862399,,,
44160,2235,323,50.61141304,7.314311594,,,
44610,2256,323,50.57162071,7.240529029,,,
93,1,1,10.75268817,10.75268817,,,
5497,22,62,4.002183009,11.27887939,,,
297,2,6,6.734006734,20.2020202,,,
2841,195,35,68.63780359,12.31960577,,,
1278,65,22,50.86071987,17.2143975,,,
3472,77,23,22.17741935,6.624423963,,,
355,8,5,22.53521127,14.08450704,,,
524,22,8,41.98473282,15.26717557,,,
4923,321,71,65.20414381,14.42210035,,,
713,45,16,63.11360449,22.44039271,,,
1868,84,41,44.96788009,21.94860814,,,
858,19,17,22.14452214,19.81351981,,,
605404,12447,5355,20.55982451,8.845333034,,,
521,3,10,5.75815739,19.19385797,,,
454,2,9,4.405286344,19.82378855,,,
32,0,2,0,62.5,,,
200,10,4,50,20,,,
399,7,8,17.54385965,20.05012531,,,
692,12,11,17.34104046,15.89595376,,,
941,17,14,18.06588735,14.87778959,,,
97,1,1,10.30927835,10.30927835,,,
38052,2244,452,58.97193314,11.87848208,,,
1572,0,12,0,7.633587786,,,
520,0,6,0,11.53846154,,,
186,98,0,526.8817204,0,,,
1844,7,56,3.796095445,30.36876356,,,
98,5,0,51.02040816,0,,,
415,236,14,568.6746988,33.73493976,,,
1468,14,19,9.536784741,12.94277929,,,
985,3,25,3.045685279,25.38071066,,,
34089,1524,200,44.70650356,5.866995218,,,
1310,7,20,5.34351145,15.26717557,,,
203,0,4,0,19.7044335,,,
48531,1337,380,27.54940141,7.830046774,,,
1979,24,14,12.12733704,7.074279939,,,
6586,191,49,29.00091102,7.440024294,,,
573,2,14,3.490401396,24.43280977,,,
2772,77,23,27.77777778,8.297258297,,,
486,80,3,164.6090535,6.172839506,,,
2566,47,15,18.31644583,5.845674201,,,
504,5,16,9.920634921,31.74603175,,,
2421,84,79,34.69640644,32.63114416,,,
63,0,8,0,126.984127,,,
22256,2386,412,107.2070453,18.51186197,,,
254,2,12,7.874015748,47.24409449,,,
659,0,30,0,45.52352049,,,
740,78,10,105.4054054,13.51351351,,,
7164,83,98,11.58570631,13.67950865,,,
137575,1390,242,10.10357987,1.759040523,,,
294,70,12,238.0952381,40.81632653,,,
3838,29,102,7.55601876,26.57634184,,,
0,0,0,0,0,,,
0,0,0,0,0,,,
204,0,7,0,34.31372549,,,
168,0,8,0,47.61904762,,,
61,0,1,0,16.39344262,,,
294,24,1,81.63265306,3.401360544,,,
178,1,6,5.617977528,33.70786517,,,
5972,62,97,10.38178165,16.24246484,,,
489,3,5,6.134969325,10.22494888,,,
3234,34,40,10.51329623,12.3685838,,,
90,3,4,33.33333333,44.44444444,,,
575,9,7,15.65217391,12.17391304,,,
1859,15,24,8.068854223,12.91016676,,,
202,5,0,24.75247525,0,,,
1786,89,19,49.83202688,10.63829787,,,
884,29,14,32.80542986,15.83710407,,,
607,11,27,18.12191104,44.48105437,,,
2884,10,194,3.46740638,67.26768377,,,
337,0,11,0,32.64094955,,,
480,8,7,16.66666667,14.58333333,,,
15843,801,117,50.55860632,7.384964969,,,
168,1,3,5.952380952,17.85714286,,,
477,0,14,0,29.35010482,,,
217,4,2,18.43317972,9.216589862,,,
1641,106,10,64.59475929,6.093845216,,,
31,0,0,0,0,,,
216,10,4,46.2962963,18.51851852,,,
31,0,2,0,64.51612903,,,
59,1,0,16.94915254,0,,,
123,8,3,65.04065041,24.3902439,,,
72,0,3,0,41.66666667,,,
138,20,0,144.9275362,0,,,
154581,4427,1730,28.63870721,11.19154359,,,
210,17,5,80.95238095,23.80952381,,,
704,13,6,18.46590909,8.522727273,,,
3595,355,24,98.74826147,6.675938804,,,
1083,0,7,0,6.463527239,,,
673,7,6,10.40118871,8.915304606,,,
4254,26,140,6.111894687,32.91020216,,,
377,37,17,98.14323607,45.0928382,,,
2073,58,12,27.97877472,5.788712012,,,
1051,15,48,14.27212179,45.67078972,,,
178,8,2,44.94382022,11.23595506,,,
527,16,4,30.36053131,7.590132827,,,
425,6,3,14.11764706,7.058823529,,,
135,0,3,0,22.22222222,,,
3756,840,69,223.6421725,18.37060703,,,
4968,107,29,21.53784219,5.837359098,,,
46727,1502,422,32.14415648,9.031181116,,,
8813,452,110,51.28787019,12.48156133,,,
3177,670,76,210.8907775,23.92193894,,,
4015,46,23,11.45703611,5.728518057,,,
29060,861,355,29.62835513,12.21610461,,,
1728,13,54,7.523148148,31.25,,,
2672,28,36,10.47904192,13.47305389,,,
2019,25,11,12.38236751,5.448241704,,,
402,17,5,42.28855721,12.43781095,,,
391,2,5,5.115089514,12.78772379,,,
0,0,0,0,0,,,
274,7,2,25.54744526,7.299270073,,,
1305,98,9,75.09578544,6.896551724,,,
5465,205,66,37.51143641,12.0768527,,,
0,0,0,0,0,,,
512736,17856,6973,34.82493915,13.59959121,,,
2066,56,16,27.10551791,7.744433688,,,
584,16,8,27.39726027,13.69863014,,,
6164,106,79,17.19662557,12.81635302,,,
2702,47,53,17.39452258,19.61509993,,,
69515,7092,813,102.0211465,11.69531756,,,
2672,118,14,44.16167665,5.239520958,,,
2242,290,16,129.3487957,7.136485281,,,
207,6,1,28.98550725,4.830917874,,,
1835,116,6,63.21525886,3.269754768,,,
55244,928,2379,16.79820433,43.06350011,,,
764,115,8,150.5235602,10.47120419,,,
331,2,4,6.042296073,12.08459215,,,
348,2,2,5.747126437,5.747126437,,,
863,22,16,25.49246813,18.53997683,,,
600,18,8,30,13.33333333,,,
294,1,16,3.401360544,54.42176871,,,
242,5,1,20.66115702,4.132231405,,,
1357,17,13,12.52763449,9.579955785,,,
1206,6,48,4.975124378,39.80099502,,,
748,13,22,17.37967914,29.41176471,,,
2791,72,14,25.7972053,5.016123253,,,
1149,11,13,9.573542211,11.31418625,,,
0,0,0,0,0,,,
509,7,6,13.7524558,11.78781925,,,
17004,269,134,15.8198071,7.880498706,,,
3174,127,26,40.01260239,8.191556396,,,
1180,64,7,54.23728814,5.93220339,,,
1076,29,28,26.95167286,26.02230483,,,
497,4,19,8.048289738,38.22937626,,,
16532,1506,170,91.09605613,10.28308735,,,
393,6,11,15.26717557,27.98982188,,,
6613,8,144,1.209738394,21.77529109,,,
127,1,7,7.874015748,55.11811024,,,
698,14,3,20.05730659,4.297994269,,,
13263,690,249,52.02442886,18.77403302,,,
1786,89,19,49.83202688,10.63829787,,,
1786,89,19,49.83202688,10.63829787,,,
142,9,1,63.38028169,7.042253521,,,
61,0,2,0,32.78688525,,,
2885,76,59,26.34315425,20.45060659,,,
166,0,1,0,6.024096386,,,
1043,17,13,16.2991371,12.46404602,,,
0,0,0,0,0,,,
1460,96,12,65.75342466,8.219178082,,,
896,28,7,31.25,7.8125,,,
54656,922,2363,16.8691452,43.23404567,,,
602,8,4,13.28903654,6.644518272,,,
254,14,7,55.11811024,27.55905512,,,
617,7,8,11.3452188,12.96596434,,,
109,0,4,0,36.69724771,,,
28871,179,41,6.199993073,1.420110145,,,
1475,0,55,0,37.28813559,,,
4775,115,32,24.08376963,6.701570681,,,
1094,44,18,40.21937843,16.45338208,,,
156,0,2,0,12.82051282,,,
236,5,9,21.18644068,38.13559322,,,
5563,215,43,38.6482114,7.729642279,,,
451,19,3,42.1286031,6.651884701,,,
2034,23,25,11.30776794,12.29105211,,,
127,5,7,39.37007874,55.11811024,,,
6455,754,59,116.8086754,9.140201394,,,
0,0,0,0,0,,,
11623,146,118,12.56130087,10.15228426,,,
63236,936,2714,14.80169524,42.91859068,,,
4060,79,46,19.45812808,11.33004926,,,
21574,1843,82,85.42690275,3.800871419,,,
178,0,1,0,5.617977528,,,
583,109,6,186.9639794,10.2915952,,,
231,15,4,64.93506494,17.31601732,,,
811,6,5,7.398273736,6.165228113,,,
1472,16,20,10.86956522,13.58695652,,,
255,4,2,15.68627451,7.843137255,,,
8586,803,136,93.52434195,15.83973911,,,
327,2,18,6.116207951,55.04587156,,,
657,30,5,45.66210046,7.610350076,,,
883,12,9,13.59003398,10.19252548,,,
409,5,8,12.22493888,19.5599022,,,
286,0,5,0,17.48251748,,,
6636,307,64,46.26280892,9.644364075,,,
15,0,0,0,0,,,
8475,202,114,23.83480826,13.45132743,,,
9799,490,47,50.00510256,4.796407797,,,
4652,899,29,193.250215,6.233877902,,,
68,0,8,0,117.6470588,,,
996,36,24,36.14457831,24.09638554,,,
821,4,7,4.872107186,8.526187576,,,
1366,43,19,31.47877013,13.90922401,,,
1324,71,16,53.62537764,12.08459215,,,
1930,29,59,15.02590674,30.56994819,,,
5800,421,38,72.5862069,6.551724138,,,
652,104,6,159.5092025,9.202453988,,,
66,4,1,60.60606061,15.15151515,,,
179,2,1,11.17318436,5.586592179,,,
134,2,6,14.92537313,44.7761194,,,
1516,13,4,8.575197889,2.638522427,,,
3455,332,5,96.09261939,1.447178003,,,
466,3,8,6.43776824,17.16738197,,,
1032,5,12,4.84496124,11.62790698,,,
858,15,5,17.48251748,5.827505828,,,
495,10,5,20.2020202,10.1010101,,,
8480,3584,49,422.6415094,5.778301887,,,
4850,247,66,50.92783505,13.60824742,,,
557,10,6,17.95332136,10.77199282,,,
8298,282,94,33.98409255,11.32803085,,,
256,4,5,15.625,19.53125,,,
291,2,7,6.872852234,24.05498282,,,
103,6,1,58.25242718,9.708737864,,,
255,6,1,23.52941176,3.921568627,,,
423,49,13,115.8392435,30.73286052,,,
105,0,9,0,85.71428571,,,
734,73,28,99.45504087,38.14713896,,,
2873,71,21,24.71284372,7.309432649,,,
1406,160,8,113.7980085,5.689900427,,,
2260,58,50,25.66371681,22.12389381,,,
5906,906,21,153.4033187,3.555706062,,,
2886,171,22,59.25155925,7.623007623,,,
496,41,2,82.66129032,4.032258065,,,
443,9,1,20.31602709,2.257336343,,,
388,2,14,5.154639175,36.08247423,,,
11031,236,113,21.39425256,10.24385822,,,
0,0,0,0,0,,,
298403,11947,3229,40.03646076,10.82093679,,,
1396,0,13,0,9.312320917,,,
2941,102,20,34.68208092,6.800408024,,,
25,0,1,0,40,,,
56,1,4,17.85714286,71.42857143,,,
17737,9195,325,518.407848,18.32327902,,,
15022,101,974,6.723472241,64.83823725,,,
247,8,3,32.38866397,12.14574899,,,
48644,4329,414,88.99350382,8.510813255,,,
2162,81,16,37.4653099,7.400555042,,,
307,8,7,26.05863192,22.80130293,,,
1455,65,17,44.67353952,11.6838488,,,
141,0,4,0,28.36879433,,,
496,15,14,30.24193548,28.22580645,,,
219,0,20,0,91.32420091,,,
2008,53,13,26.39442231,6.474103586,,,
26279,3096,198,117.8127022,7.534533278,,,
3739,343,93,91.73575822,24.87296068,,,
1301,16,78,12.29823213,59.95388163,,,
2954,80,71,27.08192282,24.0352065,,,
2503,66,26,26.36835797,10.38753496,,,
429,9,4,20.97902098,9.324009324,,,
1792,25,17,13.95089286,9.486607143,,,
725,30,17,41.37931034,23.44827586,,,
986,33,10,33.46855984,10.14198783,,,
1583,260,23,164.2451042,14.52937461,,,
26852,1018,266,37.91151497,9.906152242,,,
167,1,1,5.988023952,5.988023952,,,
1185,19,16,16.03375527,13.5021097,,,
81732,17,1092,0.207996868,13.36073998,,,
117,18,1,153.8461538,8.547008547,,,
882,55,5,62.35827664,5.66893424,,,
6296,85,51,13.50063532,8.100381194,,,
360,20,5,55.55555556,13.88888889,,,
14099,839,165,59.50776651,11.70295766,,,
217,1,2,4.608294931,9.216589862,,,
2549,74,78,29.03099255,30.60023539,,,
1578,61,29,38.65652725,18.37769328,,,
983,19,17,19.32858596,17.29399797,,,
189336,447,189,2.360882241,0.998225377,,,
2846,168,17,59.03021785,5.973295854,,,
8420,160,182,19.0023753,21.6152019,,,
1088,1,6,0.919117647,5.514705882,,,
2259,35,67,15.49358123,29.65914121,,,
743,206,12,277.2543742,16.15074024,,,
1673,47,41,28.09324567,24.50687388,,,
109949,7962,906,72.41539259,8.240184085,,,
7173,964,24,134.3928621,3.345880385,,,
169,1,7,5.917159763,41.42011834,,,
825,5,22,6.060606061,26.66666667,,,
16137,1540,126,95.43285617,7.808142777,,,
2190,161,17,73.51598174,7.762557078,,,
2776,26,31,9.365994236,11.16714697,,,
748,14,11,18.71657754,14.70588235,,,
244,9,9,36.8852459,36.8852459,,,
1360,31,5,22.79411765,3.676470588,,,
478,19,1,39.74895397,2.092050209,,,
2403,25,5,10.40366209,2.080732418,,,
2143,61,52,28.46476902,24.265049,,,
128,0,3,0,23.4375,,,
204,6,6,29.41176471,29.41176471,,,
528,0,9,0,17.04545455,,,
1386,16,30,11.54401154,21.64502165,,,
2519,64,34,25.4069075,13.49741961,,,
1854,13,10,7.011866235,5.393743258,,,
1656,325,22,196.2560386,13.28502415,,,
544,102,24,187.5,44.11764706,,,
650,11,9,16.92307692,13.84615385,,,
153,0,4,0,26.14379085,,,
361,3,1,8.310249307,2.770083102,,,
300,1,2,3.333333333,6.666666667,,,
1083,21,18,19.39058172,16.62049861,,,
2146,238,15,110.9040075,6.989748369,,,
22224,224,363,10.07919366,16.3336933,,,
639,13,18,20.34428795,28.16901408,,,
1521,95,22,62.45890861,14.46416831,,,
75023,1230,939,16.39497221,12.51616171,,,
22923,385,431,16.79535837,18.80207652,,,
439,18,5,41.0022779,11.38952164,,,
2293,86,10,37.50545137,4.361098997,,,
11369,1039,93,91.38886446,8.180138974,,,
862,35,11,40.60324826,12.76102088,,,
129,1,1,7.751937984,7.751937984,,,
375,0,8,0,21.33333333,,,
930,27,12,29.03225806,12.90322581,,,
1154,4,28,3.466204506,24.26343154,,,
636,13,3,20.44025157,4.716981132,,,
15467,452,253,29.22350811,16.35740609,,,
22016,1372,259,62.31831395,11.76417151,,,
144,1,2,6.944444444,13.88888889,,,
15756,401,203,25.45062199,12.88398071,,,
459,1,12,2.178649237,26.14379085,,,
77,2,0,25.97402597,0,,,
13,0,2,0,153.8461538,,,
83,0,5,0,60.24096386,,,
1041,16,6,15.3698367,5.763688761,,,
100075,5959,1735,59.54534099,17.33699725,,,
158,2,2,12.65822785,12.65822785,,,
0,0,0,0,0,,,
4592,110,41,23.95470383,8.928571429,,,
10191,123,283,12.06947306,27.76960063,,,
1107,108,15,97.56097561,13.5501355,,,
817,35,10,42.83965728,12.23990208,,,
776,14,5,18.04123711,6.443298969,,,
771,2,12,2.594033722,15.56420233,,,
1386,20,14,14.43001443,10.1010101,,,
1076,6,22,5.576208178,20.44609665,,,
1893,104,43,54.93924987,22.71526677,,,
7662,1040,69,135.7347951,9.005481597,,,
622,3,29,4.823151125,46.62379421,,,
7693,226,62,29.37735604,8.059274665,,,
322,2,3,6.211180124,9.316770186,,,
136,0,6,0,44.11764706,,,
546,14,3,25.64102564,5.494505495,,,
108,34,2,314.8148148,18.51851852,,,
1436,221,17,153.8997214,11.83844011,,,
1405,83,59,59.0747331,41.99288256,,,
1404,25,58,17.80626781,41.31054131,,,
128,4,0,31.25,0,,,
52,0,2,0,38.46153846,,,
1343,56,16,41.69769173,11.91362621,,,
221,5,5,22.62443439,22.62443439,,,
3685,68,60,18.4531886,16.28222524,,,
4010,22,38,5.486284289,9.476309227,,,
642,35,14,54.51713396,21.80685358,,,
0,0,0,0,0,,,
3225,23,54,7.131782946,16.74418605,,,
830,20,13,24.09638554,15.6626506,,,
10305,239,97,23.19262494,9.412906356,,,
332,9,5,27.10843373,15.06024096,,,
89,1,0,11.23595506,0,,,
44871,1460,413,32.53771924,9.204163045,,,
906,8,18,8.830022075,19.86754967,,,
817,10,9,12.23990208,11.01591187,,,
4660,229,22,49.1416309,4.721030043,,,
635,127,1,200,1.57480315,,,
3076,144,46,46.81404421,14.95448635,,,
406,1,7,2.463054187,17.24137931,,,
117,11,0,94.01709402,0,,,
2184,168,30,76.92307692,13.73626374,,,
1660,26,23,15.6626506,13.85542169,,,
252,13,2,51.58730159,7.936507937,,,
382,26,4,68.06282723,10.47120419,,,
7144,394,56,55.15117581,7.838745801,,,
3338,62,49,18.57399641,14.67944877,,,
7710,68,356,8.819714656,46.17380026,,,
35124,2176,262,61.95194169,7.459287097,,,
403,7,2,17.36972705,4.962779156,,,
1291,23,8,17.81564679,6.196746708,,,
1045,15,1,14.35406699,0.956937799,,,
209,8,0,38.27751196,0,,,
99,0,2,0,20.2020202,,,
190,14,2,73.68421053,10.52631579,,,
335,2,3,5.970149254,8.955223881,,,
2391,57,40,23.83939774,16.72940192,,,
1074,6,9,5.586592179,8.379888268,,,
708,23,2,32.48587571,2.824858757,,,
1560,136,3,87.17948718,1.923076923,,,
405,3,1,7.407407407,2.469135802,,,
240,2,10,8.333333333,41.66666667,,,
317,1,4,3.154574132,12.61829653,,,
879,32,31,36.40500569,35.26734926,,,
2333,73,22,31.29018431,9.42991856,,,
67,0,0,0,0,,,
665,2,3,3.007518797,4.511278195,,,
944,41,13,43.43220339,13.77118644,,,
1609,34,37,21.13113735,22.99564947,,,
3128,66,20,21.09974425,6.393861893,,,
32746,5549,447,169.4558114,13.6505222,,,
4904,127,52,25.89722675,10.60358891,,,
1646,35,39,21.2636695,23.69380316,,,
55679,5317,800,95.49381275,14.36807414,,,
3,0,2,0,666.6666667,,,
644,13,2,20.1863354,3.105590062,,,
239,13,1,54.39330544,4.184100418,,,
2272,118,38,51.93661972,16.72535211,,,
730,149,3,204.109589,4.109589041,,,
78,0,2,0,25.64102564,,,
10380,160,120,15.41425819,11.56069364,,,
801,31,6,38.70162297,7.490636704,,,
1211,217,15,179.1907514,12.38645747,,,
4163,272,26,65.337497,6.245496037,,,
6728,393,40,58.41260404,5.94530321,,,
158598,2926,702,18.44916077,4.426285325,,,
21667,179,76,8.261411363,3.507638344,,,
3794,87,31,22.9309436,8.170795994,,,
507,3,65,5.917159763,128.2051282,,,
405,3,11,7.407407407,27.16049383,,,
327,8,1,24.4648318,3.058103976,,,
93,0,1,0,10.75268817,,,
795,28,12,35.22012579,15.09433962,,,
4463,147,81,32.937486,18.14922698,,,
747,233,2,311.914324,2.677376171,,,
895,219,6,244.6927374,6.703910615,,,
360,15,2,41.66666667,5.555555556,,,
408,204,2,500,4.901960784,,,
315,43,2,136.5079365,6.349206349,,,
602,150,11,249.1694352,18.27242525,,,
483,9,2,18.63354037,4.140786749,,,
8649,444,79,51.3354145,9.134003931,,,
1826,49,40,26.83461117,21.90580504,,,
435,2,4,4.597701149,9.195402299,,,
698,11,2,15.75931232,2.865329513,,,
915,74,27,80.87431694,29.50819672,,,
77,2,1,25.97402597,12.98701299,,,
3382,244,65,72.14665878,19.21939681,,,
435,37,0,85.05747126,0,,,
1734,19,50,10.95732411,28.83506344,,,
3122,58,36,18.57783472,11.53106983,,,
371,17,5,45.82210243,13.47708895,,,
327,5,4,15.29051988,12.2324159,,,
359,13,10,36.21169916,27.8551532,,,
1060,16,36,15.09433962,33.96226415,,,
186,10,3,53.76344086,16.12903226,,,
13663,21,1162,1.536997731,85.04720779,,,
5495,1427,43,259.6906278,7.825295723,,,
623,1,3,1.605136437,4.81540931,,,
1745,16,70,9.169054441,40.11461318,,,
244,3,1,12.29508197,4.098360656,,,
12446,221,140,17.75670898,11.24859393,,,
1342,15,13,11.17734724,9.687034277,,,
3857,164,47,42.52009334,12.18563651,,,
197,5,12,25.38071066,60.91370558,,,
4504,296,35,65.71936057,7.770870337,,,
42,0,2,0,47.61904762,,,
1272,29,51,22.79874214,40.09433962,,,
282,2,3,7.092198582,10.63829787,,,
383,3,2,7.832898172,5.221932115,,,
5057,619,26,122.4045877,5.141388175,,,
371,5,4,13.47708895,10.78167116,,,
950,7,24,7.368421053,25.26315789,,,
2061,44,11,21.34885978,5.337214944,,,
2720,33,31,12.13235294,11.39705882,,,
323,3,2,9.287925697,6.191950464,,,
485,2,7,4.12371134,14.43298969,,,
1156,0,9,0,7.785467128,,,
5216,153,53,29.33282209,10.16104294,,,
769,26,9,33.81014304,11.70351105,,,
2404,29,60,12.06322795,24.95840266,,,
244,3,6,12.29508197,24.59016393,,,
0,0,0,0,0,,,
231,3,10,12.98701299,43.29004329,,,
7728,566,62,73.24016563,8.022774327,,,
79235,5102,560,64.39073642,7.06758377,,,
0,0,0,0,0,,,
473,23,10,48.62579281,21.14164905,,,
161,11,1,68.32298137,6.211180124,,,
1038,11,14,10.5973025,13.48747592,,,
1036,13,17,12.54826255,16.40926641,,,
1377,94,5,68.26434277,3.631082062,,,
146,7,0,47.94520548,0,,,
84,6,0,71.42857143,0,,,
9046,146,123,16.13973027,13.59717002,,,
447,3,7,6.711409396,15.65995526,,,
9468,534,66,56.40050697,6.970849176,,,
852,14,9,16.43192488,10.56338028,,,
1160,3,7,2.586206897,6.034482759,,,
618,126,1,203.8834951,1.618122977,,,
1738,28,14,16.11047181,8.055235903,,,
1827,143,23,78.27038862,12.58894362,,,
1065,24,14,22.53521127,13.14553991,,,
1657,9,78,5.431502716,47.07302354,,,
1208,0,27,0,22.35099338,,,
302,4,20,13.24503311,66.22516556,,,
2903,102,29,35.13606614,9.989665863,,,
25704,435,287,16.92343604,11.16557734,,,
90,2,2,22.22222222,22.22222222,,,
2652,54,32,20.36199095,12.06636501,,,
597,35,5,58.62646566,8.37520938,,,
1776,115,21,64.75225225,11.82432432,,,
1155,54,16,46.75324675,13.85281385,,,
45060,904,269,20.06213937,5.96981802,,,
290,5,2,17.24137931,6.896551724,,,
2211,196,15,88.64767074,6.784260516,,,
409,8,11,19.5599022,26.89486553,,,
877,5,13,5.701254276,14.82326112,,,
7462,144,215,19.2977754,28.81265076,,,
221,2,5,9.049773756,22.62443439,,,
64613,7052,795,109.1421231,12.30402551,,,
198,5,4,25.25252525,20.2020202,,,
305,8,13,26.2295082,42.62295082,,,
50974,2244,450,44.02244281,8.828029976,,,
1498,169,14,112.8170895,9.345794393,,,
1507,29,33,19.24353019,21.89781022,,,
646,56,2,86.6873065,3.095975232,,,
3429,28,18,8.165645961,5.249343832,,,
2365,19,19,8.033826638,8.033826638,,,
118,2,2,16.94915254,16.94915254,,,
3156,79,36,25.03168568,11.40684411,,,
605,13,5,21.48760331,8.26446281,,,
9499,272,113,28.63459312,11.89598905,,,
1829,33,31,18.04264625,16.94915254,,,
4253,66,22,15.51845756,5.172819186,,,
1061,62,1,58.43543827,0.942507069,,,
16301,312,30,19.13993007,1.840377891,,,
2411,253,34,104.9357113,14.10203235,,,
4382,100,37,22.82062985,8.443633044,,,
814,15,10,18.42751843,12.28501229,,,
1981,59,34,29.78293791,17.16304897,,,
1452,34,10,23.41597796,6.887052342,,,
522,0,18,0,34.48275862,,,
431,0,1,0,2.320185615,,,
53,0,1,0,18.86792453,,,
820,6,21,7.317073171,25.6097561,,,
679,5,3,7.36377025,4.41826215,,,
452,18,3,39.82300885,6.637168142,,,
20698,914,213,44.15885593,10.29084936,,,
1954,64,25,32.75332651,12.79426817,,,
55176,1076,908,19.50123242,16.45643033,,,
2985,75,31,25.12562814,10.38525963,,,
1465,365,12,249.1467577,8.19112628,,,
1016,39,10,38.38582677,9.842519685,,,
1801,20,23,11.1049417,12.77068295,,,
13786,315,211,22.84926737,15.30538227,,,
235,0,3,0,12.76595745,,,
93,3,1,32.25806452,10.75268817,,,
674,3,3,4.451038576,4.451038576,,,
1417,17,25,11.99717713,17.64290755,,,
1928,369,15,191.3900415,7.780082988,,,
11,1,0,90.90909091,0,,,
1691,119,25,70.37256062,14.78415139,,,
3227,146,28,45.24325999,8.676789588,,,
6042,335,207,55.44521682,34.26017875,,,
893,60,9,67.18924972,10.07838746,,,
140,12,0,85.71428571,0,,,
1581,22,6,13.91524352,3.795066414,,,
344,0,8,0,23.25581395,,,
1010,36,45,35.64356436,44.55445545,,,
367,0,6,0,16.34877384,,,
523,0,11,0,21.03250478,,,
6550,241,37,36.79389313,5.648854962,,,
761,2,9,2.628120894,11.82654402,,,
399,32,2,80.20050125,5.012531328,,,
3275,301,34,91.90839695,10.38167939,,,
195,1,4,5.128205128,20.51282051,,,
229,2,27,8.733624454,117.9039301,,,
20077,3432,105,170.9418738,5.22986502,,,
23294,541,185,23.22486477,7.941959303,,,
4311,31,53,7.190906982,12.29413129,,,
151842,5070,1257,33.38997115,8.278341961,,,
3095,101,37,32.63327948,11.95476575,,,
2598,80,57,30.79291763,21.93995381,,,
210,0,5,0,23.80952381,,,
958,39,3,40.70981211,3.131524008,,,
36587,1578,385,43.13007352,10.52286331,,,
554,105,20,189.5306859,36.10108303,,,
3182,44,32,13.82778127,10.0565682,,,
1692,6,9,3.546099291,5.319148936,,,
2206,16,71,7.25294651,32.18495014,,,
4293,286,31,66.6200792,7.221057536,,,
214,0,2,0,9.345794393,,,
366,2,11,5.464480874,30.05464481,,,
20573,339,133,16.47790794,6.46478394,,,
96,1,0,10.41666667,0,,,
1395,362,31,259.4982079,22.22222222,,,
213,0,2,0,9.389671362,,,
871,54,6,61.99770379,6.888633754,,,
522,18,4,34.48275862,7.662835249,,,
859,14,4,16.29802095,4.656577416,,,
135,0,8,0,59.25925926,,,
845,2,10,2.366863905,11.83431953,,,
358,46,0,128.4916201,0,,,
394,15,7,38.07106599,17.76649746,,,
4739,152,40,32.07427727,8.440599283,,,
4908,530,112,107.9869601,22.8198859,,,
3267,1291,16,395.1637588,4.897459443,,,
1558,95,12,60.97560976,7.702182285,,,
472,29,14,61.44067797,29.66101695,,,
106,0,4,0,37.73584906,,,
618,8,2,12.94498382,3.236245955,,,
162,0,6,0,37.03703704,,,
0,0,0,0,0,,,
967,63,9,65.14994829,9.307135471,,,
485,11,9,22.68041237,18.55670103,,,
158,1,8,6.329113924,50.63291139,,,
2304,70,13,30.38194444,5.642361111,,,
3190,290,33,90.90909091,10.34482759,,,
82,1,1,12.19512195,12.19512195,,,
370,35,3,94.59459459,8.108108108,,,
242,6,2,24.79338843,8.26446281,,,
154,0,8,0,51.94805195,,,
1988,71,18,35.71428571,9.054325956,,,
540,0,28,0,51.85185185,,,
768,91,5,118.4895833,6.510416667,,,
1536,54,7,35.15625,4.557291667,,,
1397,143,8,102.3622047,5.726556908,,,
1901,41,13,21.567596,6.838506049,,,
1612,70,6,43.42431762,3.722084367,,,
4360,78,29,17.88990826,6.651376147,,,
1704,23,17,13.49765258,9.976525822,,,
8424,141,96,16.73789174,11.3960114,,,
552,3,6,5.434782609,10.86956522,,,
1752,53,5,30.25114155,2.853881279,,,
378,42,13,111.1111111,34.39153439,,,
1873,450,7,240.2562734,3.737319808,,,
2256,39,13,17.28723404,5.762411348,,,
4227,121,69,28.62550272,16.32363378,,,
334,5,2,14.97005988,5.988023952,,,
2533,18,25,7.106198184,9.8697197,,,
3411,14,15,4.10436822,4.397537379,,,
1252,60,7,47.92332268,5.591054313,,,
1733,38,35,21.92729371,20.19619158,,,
460,2,1,4.347826087,2.173913043,,,
474,20,7,42.19409283,14.76793249,,,
287,4,3,13.93728223,10.45296167,,,
5339,77,33,14.42217644,6.180932759,,,
681,6,28,8.810572687,41.11600587,,,
341,6,4,17.59530792,11.73020528,,,
1231,39,12,31.68155971,9.748172218,,,
239466,8954,1953,37.39152949,8.155646313,,,
48690,898,2180,18.44321216,44.77305402,,,
24320,350,405,14.39144737,16.65296053,,,
448,5,22,11.16071429,49.10714286,,,
675,3,28,4.444444444,41.48148148,,,
2152,17,91,7.899628253,42.28624535,,,
93,3,6,32.25806452,64.51612903,,,
333,1,3,3.003003003,9.009009009,,,
611,28,2,45.82651391,3.273322422,,,
317,41,1,129.3375394,3.154574132,,,
10261,210,66,20.46584154,6.432121626,,,
32,4,1,125,31.25,,,
12036,1528,59,126.9524759,4.901960784,,,
793,8,6,10.08827238,7.566204288,,,
82020,794,921,9.680565716,11.22896854,,,
350,14,2,40,5.714285714,,,
508,5,34,9.842519685,66.92913386,,,
546,4,13,7.326007326,23.80952381,,,
1518,33,29,21.73913043,19.10408432,,,
3821,420,30,109.9188694,7.851347815,,,
3941,49,38,12.43339254,9.642222786,,,
42341,3230,164,76.28539713,3.873314282,,,
332,5,2,15.06024096,6.024096386,,,
3528,36,81,10.20408163,22.95918367,,,
2957,321,41,108.5559689,13.86540413,,,
9148,983,120,107.4551815,13.11762134,,,
847,36,14,42.50295159,16.52892562,,,
7010,83,100,11.84022825,14.26533524,,,
214,0,10,0,46.72897196,,,
7674,167,105,21.76179307,13.6825645,,,
469,10,19,21.32196162,40.51172708,,,
2212,77,12,34.81012658,5.424954792,,,
590,13,3,22.03389831,5.084745763,,,
2970,28,75,9.427609428,25.25252525,,,
373,2,17,5.361930295,45.57640751,,,
2159,617,12,285.7804539,5.558128763,,,
10,1,0,100,0,,,
263,1,1,3.802281369,3.802281369,,,
1219,8,9,6.562756358,7.383100902,,,
1721,9,21,5.229517722,12.20220802,,,
46727,1502,422,32.14415648,9.031181116,,,
366,31,10,84.69945355,27.32240437,,,
144,0,4,0,27.77777778,,,
85,2,4,23.52941176,47.05882353,,,
4443,81,43,18.23092505,9.678145397,,,
1357,166,13,122.3286662,9.579955785,,,
5230,245,79,46.84512428,15.10516252,,,
19891,3289,134,165.3511638,6.736715097,,,
425,195,6,458.8235294,14.11764706,,,
357,8,1,22.40896359,2.801120448,,,
830,36,5,43.37349398,6.024096386,,,
11055,176,90,15.92039801,8.141112619,,,
5954,203,80,34.09472623,13.43634531,,,
2160,208,44,96.2962963,20.37037037,,,
863,111,10,128.6210892,11.58748552,,,
2468,21,30,8.5089141,12.15559157,,,
833,2,9,2.400960384,10.80432173,,,
2995,220,33,73.4557596,11.01836394,,,
330,0,4,0,12.12121212,,,
9123,408,98,44.72213088,10.74208046,,,
1861,80,14,42.98764105,7.522837184,,,
195,2,5,10.25641026,25.64102564,,,
129,1,3,7.751937984,23.25581395,,,
2770,9,27,3.249097473,9.747292419,,,
5025,181,41,36.0199005,8.15920398,,,
2280,95,36,41.66666667,15.78947368,,,
1279,40,10,31.27443315,7.818608288,,,
209,43,2,205.7416268,9.56937799,,,
146,1,2,6.849315068,13.69863014,,,
185,3,8,16.21621622,43.24324324,,,
3391,54,49,15.92450605,14.45001474,,,
1933,21,17,10.86394206,8.794619762,,,
5253,88,28,16.752332,5.330287455,,,
491,22,10,44.80651731,20.36659878,,,
2434,160,12,65.73541495,4.930156122,,,
18018,1690,168,93.7950938,9.324009324,,,
38643,2413,282,62.44339208,7.297570064,,,
4490,366,32,81.51447661,7.126948775,,,
1968,92,9,46.74796748,4.573170732,,,
6228,506,32,81.24598587,5.138086063,,,
2916,130,73,44.58161866,25.03429355,,,
7026,3741,129,532.4508967,18.36037575,,,
429,2,2,4.662004662,4.662004662,,,
1666,65,25,39.01560624,15.0060024,,,
7133,634,44,88.88265807,6.168512547,,,
7183,321,84,44.68884867,11.69427816,,,
163,5,1,30.67484663,6.134969325,,,
492,4,3,8.130081301,6.097560976,,,
657,4,7,6.088280061,10.65449011,,,
592,10,43,16.89189189,72.63513514,,,
3190,183,27,57.36677116,8.463949843,,,
407,57,9,140.04914,22.11302211,,,
525,7,6,13.33333333,11.42857143,,,
45957,5382,437,117.1094719,9.508888744,,,
5455,789,2,144.6379468,0.366636114,,,
3130,127,29,40.57507987,9.265175719,,,
3103,213,63,68.64324847,20.30293265,,,
121687,3779,696,31.05508394,5.719592068,,,
3040,1,38,0.328947368,12.5,,,
70,0,2,0,28.57142857,,,
2680,72,22,26.86567164,8.208955224,,,
846,49,16,57.91962175,18.91252955,,,
592,19,2,32.09459459,3.378378378,,,
4199,117,111,27.86377709,26.43486544,,,
57401,1540,510,26.82880089,8.884862633,,,
787,33,5,41.93138501,6.353240152,,,
5378,162,33,30.1227222,6.136110078,,,
14880,1078,204,72.44623656,13.70967742,,,
3723,167,25,44.85629868,6.715014773,,,
595,9,9,15.12605042,15.12605042,,,
843,1,12,1.18623962,14.23487544,,,
52,1,2,19.23076923,38.46153846,,,
644,3,11,4.658385093,17.08074534,,,
1187,40,36,33.69839933,30.32855939,,,
2942,36,21,12.23657376,7.13800136,,,
1461,39,8,26.69404517,5.475701574,,,
189,5,2,26.45502646,10.58201058,,,
2985,145,42,48.57621441,14.07035176,,,
838,1,27,1.193317422,32.21957041,,,
802,86,8,107.2319202,9.975062344,,,
307,15,4,48.85993485,13.02931596,,,
1342,52,18,38.74813711,13.41281669,,,
27590,7707,317,279.3403407,11.48967017,,,
52,3,0,57.69230769,0,,,
1145,17,28,14.84716157,24.45414847,,,
467,13,4,27.8372591,8.565310493,,,
641,6,6,9.360374415,9.360374415,,,
4032,413,25,102.4305556,6.200396825,,,
1042,6,2,5.75815739,1.919385797,,,
32531,2387,218,73.37616427,6.701300298,,,
1771,32,22,18.06888763,12.42236025,,,
1441,63,14,43.71963914,9.715475364,,,
705,71,9,100.7092199,12.76595745,,,
673,25,6,37.14710253,8.915304606,,,
1362,17,23,12.48164464,16.88693098,,,
398,6,2,15.07537688,5.025125628,,,
139,5,0,35.97122302,0,,,
15283,447,106,29.24818426,6.935811032,,,
798,7,14,8.771929825,17.54385965,,,
9832,450,82,45.76891782,8.340113914,,,
464,9,2,19.39655172,4.310344828,,,
2835,26,32,9.171075838,11.28747795,,,
0,0,0,0,0,,,
4408,141,29,31.98729583,6.578947368,,,
2412,93,9,38.55721393,3.731343284,,,
4491,205,26,45.64684925,5.789356491,,,
9599,162,146,16.876758,15.2099177,,,
13,0,0,0,0,,,
799,16,4,20.02503129,5.006257822,,,
32302,832,334,25.75691908,10.33991703,,,
147,1,1,6.802721088,6.802721088,,,
544,4,4,7.352941176,7.352941176,,,
5900,220,81,37.28813559,13.72881356,,,
2736,35,34,12.79239766,12.42690058,,,
270,9,4,33.33333333,14.81481481,,,
1047,25,19,23.87774594,18.14708691,,,
4228,0,16,0,3.784295175,,,
1037,58,3,55.93056895,2.892960463,,,
610,30,6,49.18032787,9.836065574,,,
31752,6398,916,201.4991182,28.84857647,,,
82729,3564,1614,43.0804192,19.50948277,,,
243,9,1,37.03703704,4.115226337,,,
3412,31,49,9.085580305,14.36107855,,,
2872,147,29,51.18384401,10.09749304,,,
666,44,3,66.06606607,4.504504505,,,
3419,71,60,20.76630594,17.54899093,,,
9205,554,118,60.18468224,12.81912004,,,
1362,19,14,13.95007342,10.27900147,,,
1258,34,20,27.02702703,15.89825119,,,
4110,465,7,113.1386861,1.703163017,,,
4273,177,90,41.4228879,21.06248537,,,
1283,8,14,6.235385814,10.91192518,,,
200,0,2,0,10,,,
0,0,0,0,0,,,
53,2,1,37.73584906,18.86792453,,,
3483,57,28,16.36520241,8.039046799,,,
33066,2440,363,73.79181032,10.97804391,,,
4606,106,16,23.0134607,3.473729917,,,
1429,39,10,27.29181246,6.99790063,,,
3078,14,142,4.548408057,46.13385315,,,
21877,1198,114,54.76070759,5.210952142,,,
2381,7,38,2.939941201,15.95968081,,,
59411,902,874,15.18237363,14.71108044,,,
1387,25,18,18.02451334,12.9776496,,,
3762,510,30,135.5661882,7.974481659,,,
1919,47,15,24.49192288,7.816571131,,,
2333,40,30,17.14530647,12.85897985,,,
2223,49,42,22.0422852,18.89338731,,,
461,25,2,54.22993492,4.338394794,,,
2234,46,55,20.5908684,24.61951656,,,
829,36,10,43.42581423,12.06272618,,,
7299,269,44,36.85436361,6.028223044,,,
534,843,1,1578.651685,1.872659176,,,
146,1,6,6.849315068,41.09589041,,,
2121,79,15,37.2465818,7.072135785,,,
1502,36,14,23.96804261,9.320905459,,,
39,0,3,0,76.92307692,,,
24394,1454,112,59.60482086,4.591292941,,,
19410,431,380,22.20504894,19.57753735,,,
150,0,1,0,6.666666667,,,
380,2,2,5.263157895,5.263157895,,,
13842,192,110,13.87082792,7.946828493,,,
8154,1486,65,182.2418445,7.971547707,,,
569,26,3,45.69420035,5.272407733,,,
192,14,3,72.91666667,15.625,,,
8936,691,64,77.32766338,7.162041182,,,
240,1,4,4.166666667,16.66666667,,,
5183,482,17,92.99633417,3.279953695,,,
372,69,1,185.483871,2.688172043,,,
31456,2172,362,69.04883011,11.50813835,,,
4512,194,32,42.9964539,7.092198582,,,
1640,93,28,56.70731707,17.07317073,,,
37,0,0,0,0,,,
110,3,1,27.27272727,9.090909091,,,
57,0,3,0,52.63157895,,,
447,17,2,38.03131991,4.474272931,,,
330,3,1,9.090909091,3.03030303,,,
3753,289,18,77.00506262,4.79616307,,,
278088,9981,4268,35.89151635,15.34765973,,,
16635,186,365,11.18124436,21.94168921,,,
596,16,8,26.84563758,13.42281879,,,
1601,30,17,18.73828857,10.61836352,,,
28386,3135,308,110.4417671,10.85041922,,,
14603,20,106,1.369581593,7.258782442,,,
2882,6,17,2.081887578,5.898681471,,,
70,0,8,0,114.2857143,,,
26733,2699,142,100.9613586,5.31178693,,,
398,17,2,42.71356784,5.025125628,,,
1824,460,23,252.1929825,12.60964912,,,
1916,69,63,36.0125261,32.88100209,,,
3277,60,15,18.30942936,4.577357339,,,
54336,4437,354,81.6585689,6.515017668,,,
45,0,2,0,44.44444444,,,
107,1,6,9.345794393,56.07476636,,,
5396,305,58,56.52335063,10.74870274,,,
8371,228,101,27.23688926,12.0654641,,,
2334,53,7,22.70779777,2.999143102,,,
252,2,2,7.936507937,7.936507937,,,
309,5,1,16.18122977,3.236245955,,,
5496,655,59,119.1775837,10.73508006,,,
656,14,6,21.34146341,9.146341463,,,
37220,3570,227,95.9161741,6.098871574,,,
440,45,4,102.2727273,9.090909091,,,
148,2,1,13.51351351,6.756756757,,,
376,0,1,0,2.659574468,,,
2563,23,47,8.973858759,18.33788529,,,
4615,76,46,16.468039,9.967497291,,,
195,23,1,117.9487179,5.128205128,,,
534,10,3,18.72659176,5.617977528,,,
4267,43,28,10.07733771,6.561987345,,,
3213,19,23,5.913476502,7.158418923,,,
4823,581,86,120.4644412,17.83122538,,,
0,0,0,0,0,,,
1851,246,28,132.9011345,15.1269584,,,
548,159,6,290.1459854,10.94890511,,,
1759,294,38,167.1404207,21.60318363,,,
293,1,3,3.412969283,10.23890785,,,
181,0,6,0,33.14917127,,,
352,17,9,48.29545455,25.56818182,,,
5604,142,81,25.33904354,14.45396146,,,
982,191,21,194.5010183,21.38492872,,,
87,0,1,0,11.49425287,,,
653,80,10,122.5114855,15.31393568,,,
5270,272,196,51.61290323,37.19165085,,,
3057,145,20,47.432123,6.542361793,,,
5329,6,104,1.125914806,19.51585663,,,
0,0,0,0,0,,,
1732,25,54,14.43418014,31.1778291,,,
2105,29,11,13.77672209,5.225653207,,,
12405,471,237,37.96856106,19.10519952,,,
465,52,2,111.827957,4.301075269,,,
249,0,2,0,8.032128514,,,
2917,18,94,6.170723346,32.22488858,,,
331,5,3,15.10574018,9.063444109,,,
3772,61,26,16.17179215,6.892895016,,,
266,4,4,15.03759398,15.03759398,,,
236,2,1,8.474576271,4.237288136,,,
1549,65,21,41.96255649,13.55713363,,,
46,0,3,0,65.2173913,,,
1616,64,20,39.6039604,12.37623762,,,
9557,494,248,51.68986083,25.94956576,,,
751,28,8,37.28362184,10.65246338,,,
2002,102,11,50.94905095,5.494505495,,,
1530,223,14,145.751634,9.150326797,,,
6285,129,100,20.52505967,15.91089897,,,
497,77,6,154.9295775,12.07243461,,,
3608,512,28,141.9068736,7.760532151,,,
6741,525,108,77.88161994,16.02136182,,,
249,0,0,0,0,,,
192,5,1,26.04166667,5.208333333,,,
158,11,0,69.62025316,0,,,
93,3,8,32.25806452,86.02150538,,,
344,3,7,8.720930233,20.34883721,,,
404,26,2,64.35643564,4.95049505,,,
1218,19,14,15.59934319,11.49425287,,,
1579,36,20,22.79924003,12.66624446,,,
1108,73,13,65.88447653,11.73285199,,,
4667,162,113,34.7118063,24.21255625,,,
825,16,22,19.39393939,26.66666667,,,
0,0,0,0,0,,,
502,10,6,19.92031873,11.95219124,,,
1046,73,16,69.78967495,15.29636711,,,
2636,28,19,10.62215478,7.207890744,,,
1757,31,42,17.64371087,23.90438247,,,
513,7,2,13.64522417,3.898635478,,,
1863,36,12,19.3236715,6.441223833,,,
2198,22,44,10.00909918,20.01819836,,,
677,21,4,31.01920236,5.908419498,,,
470,29,8,61.70212766,17.0212766,,,
161,2,4,12.42236025,24.8447205,,,
132,0,8,0,60.60606061,,,
2456,260,22,105.8631922,8.957654723,,,
5750,62,109,10.7826087,18.95652174,,,
789,18,3,22.81368821,3.802281369,,,
216303,10880,2182,50.29981091,10.08770105,,,
291,0,7,0,24.05498282,,,
611,0,14,0,22.91325696,,,
2161,8,54,3.70198982,24.98843128,,,
11580,231,200,19.94818653,17.27115717,,,
0,0,0,0,0,,,
0,0,0,0,0,,,
576,14,2,24.30555556,3.472222222,,,
162,1,1,6.172839506,6.172839506,,,
955,31,14,32.46073298,14.65968586,,,
21235,1679,336,79.06757711,15.82293384,,,
1461,37,51,25.32511978,34.90759754,,,
684843,26042,8009,38.02623375,11.69465118,,,
431,1,13,2.320185615,30.16241299,,,
9771,556,160,56.90308054,16.37498721,,,
246,8,1,32.5203252,4.06504065,,,
2662,59,12,22.16378663,4.507888805,,,
14893,2047,111,137.4471228,7.453165917,,,
1290,43,2,33.33333333,1.550387597,,,
1790,130,8,72.62569832,4.469273743,,,
3550,59,27,16.61971831,7.605633803,,,
169,1,1,5.917159763,5.917159763,,,
216,8,5,37.03703704,23.14814815,,,
273,4,1,14.65201465,3.663003663,,,
136,1,0,7.352941176,0,,,
3888,390,49,100.308642,12.60288066,,,
3899,251,52,64.37548089,13.33675301,,,
1211,5,17,4.128819158,14.03798514,,,
30967,389,121,12.56175929,3.907385281,,,
684,9,9,13.15789474,13.15789474,,,
300,13,3,43.33333333,10,,,
103979,2893,864,27.82292578,8.309370161,,,
431,5,17,11.60092807,39.44315545,,,
2070,64,24,30.9178744,11.5942029,,,
191,4,3,20.94240838,15.70680628,,,
2865,596,46,208.0279232,16.05584642,,,
14944,191,121,12.78104925,8.096895075,,,
382,6,8,15.70680628,20.94240838,,,
220763,10390,2201,47.06404606,9.969967794,,,
25064,2152,251,85.86019789,10.01436323,,,
684,13,3,19.00584795,4.385964912,,,
29888,151,750,5.052194861,25.09368308,,,
982,23,11,23.42158859,11.20162933,,,
1469,167,52,113.6827774,35.39823009,,,
386,3,12,7.772020725,31.0880829,,,
1138,30,7,26.36203866,6.151142355,,,
1085,94,13,86.6359447,11.98156682,,,
331,0,5,0,15.10574018,,,
10388,174,95,16.75009626,9.145167501,,,
399,4,0,10.02506266,0,,,
635,22,26,34.64566929,40.94488189,,,
1242,35,6,28.18035427,4.830917874,,,
2194,23,56,10.48313582,25.52415679,,,
4612,110,31,23.85082394,6.721595837,,,
3580,260,14,72.62569832,3.910614525,,,
1062,12,8,11.29943503,7.532956685,,,
6222,121,100,19.44712311,16.07200257,,,
1669,11,43,6.590772918,25.7639305,,,
0,0,0,0,0,,,
446,0,4,0,8.968609865,,,
2260,168,23,74.33628319,10.17699115,,,
1222,93,9,76.10474632,7.36497545,,,
1136,84,7,73.94366197,6.161971831,,,
273,9,1,32.96703297,3.663003663,,,
2344,12,17,5.119453925,7.252559727,,,
48200,218,1158,4.522821577,24.02489627,,,
536,10,11,18.65671642,20.52238806,,,
1217,28,31,23.00739523,25.47247329,,,
5528,1139,33,206.0419682,5.969609262,,,
11383,175,100,15.37380304,8.785030308,,,
4930,203,50,41.17647059,10.14198783,,,
228,18,2,78.94736842,8.771929825,,,
292,1,5,3.424657534,17.12328767,,,
0,0,0,0,0,,,
5811,87,73,14.97160558,12.56238169,,,
1100,155,2,140.9090909,1.818181818,,,
67587,1929,734,28.54099161,10.86007664,,,
951,182,9,191.3774974,9.463722397,,,
1511,330,8,218.3984116,5.294506949,,,
11109,115,113,10.35196687,10.17193267,,,
24,1,2,41.66666667,83.33333333,,,
9547,386,81,40.43154918,8.484340631,,,
134,1,1,7.462686567,7.462686567,,,
1130,43,37,38.05309735,32.74336283,,,
3827,1299,67,339.4303632,17.50718579,,,
1011,19,17,18.79327399,16.81503462,,,
332,9,4,27.10843373,12.04819277,,,
3531,44,69,12.46105919,19.54120646,,,
5500,232,42,42.18181818,7.636363636,,,
405,11,4,27.16049383,9.87654321,,,
1274,79,10,62.00941915,7.849293564,,,
214,6,1,28.03738318,4.672897196,,,
177,5,1,28.24858757,5.649717514,,,
216,1,1,4.62962963,4.62962963,,,
0,0,0,0,0,,,
121,2,3,16.52892562,24.79338843,,,
2073,15,46,7.235890014,22.19006271,,,
3908,62,48,15.86489253,12.28249744,,,
844,0,2,0,2.369668246,,,
888,94,7,105.8558559,7.882882883,,,
656,48,10,73.17073171,15.24390244,,,
961,30,28,31.21748179,29.13631634,,,
14347,1485,119,103.5059594,8.294416951,,,
7814,670,108,85.74353724,13.8213463,,,
601,7,4,11.64725458,6.655574043,,,
138710,5433,1447,39.16804845,10.43183621,,,
9144,267,77,29.19947507,8.420822397,,,
307,4,4,13.02931596,13.02931596,,,
1100,14,14,12.72727273,12.72727273,,,
2353,52,50,22.09944751,21.24946876,,,
1632,14,14,8.578431373,8.578431373,,,
0,0,0,0,0,,,
4107,105,80,25.56610665,19.4789384,,,
100,26,2,260,20,,,
10530,150,65,14.24501425,6.172839506,,,
10159,1061,157,104.4394133,15.454277,,,
2491,625,14,250.9032517,5.620232838,,,
4906,185,143,37.70892784,29.14798206,,,
1010,162,5,160.3960396,4.95049505,,,
1478,291,41,196.8876861,27.74018945,,,
2384,54,46,22.65100671,19.29530201,,,
6,0,4,0,666.6666667,,,
242,1,4,4.132231405,16.52892562,,,
416,9,1,21.63461538,2.403846154,,,
451,13,2,28.8248337,4.4345898,,,
694,6,8,8.645533141,11.52737752,,,
2562,86,39,33.56752537,15.22248244,,,
375,7,12,18.66666667,32,,,
54,0,6,0,111.1111111,,,
1766,33,15,18.68629672,8.493771234,,,
2137,74,31,34.62798315,14.50631727,,,
16177,190,294,11.74507016,18.17395067,,,
13399,250,64,18.65810881,4.776475856,,,
1803,184,43,102.0521353,23.84914032,,,
2000,61,14,30.5,7,,,
1680,58,4,34.52380952,2.380952381,,,
1491,449,11,301.1401744,7.377598927,,,
2294,172,12,74.97820401,5.231037489,,,
107,0,3,0,28.03738318,,,
1613,1,78,0.619962802,48.35709857,,,
49,0,7,0,142.8571429,,,
11409,323,200,28.31098256,17.53002016,,,
1195,69,10,57.74058577,8.368200837,,,
753,7,26,9.296148738,34.52855246,,,
7997,2110,53,263.8489434,6.627485307,,,
2971,63,37,21.20498149,12.45371929,,,
1183,102,12,86.22147084,10.14370245,,,
4891,240,22,49.06971989,4.498057657,,,
82,1,2,12.19512195,24.3902439,,,
5108,1636,19,320.2819107,3.719655442,,,
54477,3092,722,56.75789783,13.25329956,,,
60448,1109,6,18.34634727,0.099258867,,,
19254,898,209,46.63965929,10.8548873,,,
709,17,2,23.977433,2.820874471,,,
1379,123,9,89.19506889,6.526468455,,,
2440,49,56,20.08196721,22.95081967,,,
887,54,18,60.87936866,20.29312289,,,
174,9,4,51.72413793,22.98850575,,,
16711,1091,130,65.28633834,7.779307043,,,
4423,74,85,16.73072575,19.21772553,,,
1253,11,27,8.778930567,21.54828412,,,
184,6,1,32.60869565,5.434782609,,,
749,5,13,6.675567423,17.3564753,,,
35098,1811,421,51.59838167,11.99498547,,,
345,60,3,173.9130435,8.695652174,,,
864,15,26,17.36111111,30.09259259,,,
0,0,0,0,0,,,
993,34,14,34.23967774,14.09869084,,,
1088,100,8,91.91176471,7.352941176,,,
1050,73,20,69.52380952,19.04761905,,,
6395,314,51,49.10086005,7.974980453,,,
38668,5372,557,138.9262439,14.4046757,,,
2228,33,14,14.81149013,6.283662478,,,
842,19,1,22.56532067,1.187648456,,,
90,3,4,33.33333333,44.44444444,,,
153,1,4,6.535947712,26.14379085,,,
5498,1588,35,288.8323027,6.365951255,,,
1086,53,9,48.80294659,8.287292818,,,
401,31,2,77.30673317,4.987531172,,,
5842,137,30,23.45087299,5.135227662,,,
0,0,0,0,0,,,
136,6,1,44.11764706,7.352941176,,,
2328,131,11,56.27147766,4.725085911,,,
28709,311,138,10.83283988,4.806854993,,,
2381,113,36,47.45905082,15.11969761,,,
843,10,56,11.8623962,66.42941874,,,
1642,554,9,337.3934227,5.481120585,,,
597,17,12,28.47571189,20.10050251,,,
323,0,3,0,9.287925697,,,
253,2,2,7.90513834,7.90513834,,,
4637,93,32,20.05607074,6.901013586,,,
5098,175,33,34.32718713,6.473126716,,,
1584,33,11,20.83333333,6.944444444,,,
25280,524,302,20.7278481,11.94620253,,,
14018,968,78,69.05407333,5.564274504,,,
209,15,4,71.77033493,19.13875598,,,
0,0,0,0,0,,,
393,9,10,22.90076336,25.44529262,,,
11581,292,190,25.21371211,16.40618254,,,
17275,532,221,30.7959479,12.79305355,,,
1571,123,15,78.2940802,9.548058561,,,
3524,522,27,148.1271283,7.661748014,,,
0,0,0,0,0,,,
38324,413,264,10.7765369,6.888633754,,,
1010,11,20,10.89108911,19.8019802,,,
11652,507,192,43.51184346,16.47785788,,,
71,0,5,0,70.42253521,,,
1633,38,31,23.27005511,18.98346601,,,
602,38,3,63.12292359,4.983388704,,,
535,78,1,145.7943925,1.869158879,,,
10200,121,668,11.8627451,65.49019608,,,
448,5,3,11.16071429,6.696428571,,,
651,54,2,82.94930876,3.072196621,,,
870,49,10,56.32183908,11.49425287,,,
15272,1347,94,88.2006286,6.155055003,,,
94,0,5,0,53.19148936,,,
27441,4800,81,174.920739,2.951787471,,,
8873,173,115,19.49735152,12.96066719,,,
277,6,4,21.66064982,14.44043321,,,
2109,128,50,60.69227122,23.70791844,,,
3059,421,14,137.6266754,4.576659039,,,
445,0,1,0,2.247191011,,,
2025,22,21,10.86419753,10.37037037,,,
2516,475,15,188.7917329,5.961844197,,,
1050,15,19,14.28571429,18.0952381,,,
123,0,2,0,16.2601626,,,
6453,109,83,16.89136836,12.86223462,,,
193036,5916,1955,30.64713318,10.12764458,,,
3114,3958,15,1271.03404,4.816955684,,,
517,3,25,5.80270793,48.35589942,,,
1179,79,7,67.00593723,5.937234945,,,
218,6,0,27.52293578,0,,,
722,34,7,47.09141274,9.695290859,,,
1900,44,8,23.15789474,4.210526316,,,
2004,19,22,9.481037924,10.97804391,,,
847,19,10,22.43211334,11.80637544,,,
488,12,7,24.59016393,14.3442623,,,
423,0,18,0,42.55319149,,,
652,20,1,30.67484663,1.533742331,,,
195171,7105,1523,36.40397395,7.803413417,,,
413,7,3,16.94915254,7.263922518,,,
171,18,1,105.2631579,5.847953216,,,
186,10,12,53.76344086,64.51612903,,,
1320,16,15,12.12121212,11.36363636,,,
662,38,4,57.40181269,6.042296073,,,
37371,649,280,17.36640711,7.492440663,,,
2139,38,56,17.76531089,26.18045816,,,
1919,158,14,82.33454924,7.295466389,,,
409,0,8,0,19.5599022,,,
122628,0,259,0,2.112078807,,,
3783,399,74,105.4718477,19.56119482,,,
1125,60,26,53.33333333,23.11111111,,,
978,91,12,93.04703476,12.26993865,,,
3497,62,42,17.72948241,12.01029454,,,
718,45,5,62.67409471,6.963788301,,,
391,2,4,5.115089514,10.23017903,,,
131,0,14,0,106.870229,,,
1135,11,24,9.691629956,21.14537445,,,
0,0,0,0,0,,,
4683,134,35,28.61413624,7.473841555,,,
344,1,3,2.906976744,8.720930233,,,
245,13,18,53.06122449,73.46938776,,,
270,8,6,29.62962963,22.22222222,,,
505,24,4,47.52475248,7.920792079,,,
27917,2274,303,81.45574381,10.85360175,,,
439,13,4,29.61275626,9.111617312,,,
7659,41,132,5.353179266,17.23462593,,,
77525,1512,709,19.503386,9.145436956,,,
1689,60,9,35.52397869,5.328596803,,,
2218,457,6,206.0414788,2.705139766,,,
2031,19,41,9.354997538,20.18709995,,,
4684,580,9,123.8257899,1.921434671,,,
8,0,1,0,125,,,
1955,41,12,20.97186701,6.138107417,,,
1960,20,58,10.20408163,29.59183673,,,
6396,233,59,36.42901814,9.224515322,,,
1755,140,24,79.77207977,13.67521368,,,
3510,122,43,34.75783476,12.25071225,,,
1973,25,34,12.6710593,17.23264065,,,
42618,15338,205,359.8948801,4.810174105,,,
1402,50,28,35.66333809,19.97146933,,,
5142,144,60,28.00466744,11.66861144,,,
658,0,5,0,7.598784195,,,
111,3,4,27.02702703,36.03603604,,,
2136,99,13,46.34831461,6.086142322,,,
3444,1271,23,369.047619,6.678281069,,,
3641,3227,16,886.2949739,4.394397144,,,
371,6,2,16.17250674,5.39083558,,,
264,6,12,22.72727273,45.45454545,,,
2377,117,11,49.22170804,4.627681952,,,
147,0,2,0,13.60544218,,,
115,0,1,0,8.695652174,,,
39638,2570,278,64.83677279,7.013471921,,,
119,1,1,8.403361345,8.403361345,,,
2383,16,34,6.714225766,14.26772975,,,
679,3,14,4.41826215,20.6185567,,,
1051,3,11,2.854424358,10.46622265,,,
1109,7,3,6.311992786,2.705139766,,,
93,0,8,0,86.02150538,,,
213,13,1,61.03286385,4.694835681,,,
1304,10,34,7.668711656,26.07361963,,,
951,18,6,18.92744479,6.309148265,,,
646,3,3,4.643962848,4.643962848,,,
119,18,0,151.2605042,0,,,
942,10,2,10.61571125,2.123142251,,,
326,4,2,12.26993865,6.134969325,,,
1179,239,6,202.7141645,5.089058524,,,
981,15,5,15.29051988,5.096839959,,,
763,11,8,14.41677588,10.48492792,,,
3269,68,46,20.80146834,14.07158152,,,
1896,51,30,26.89873418,15.82278481,,,
2016,138,45,68.45238095,22.32142857,,,
1178,31,9,26.31578947,7.640067912,,,
1866,42,28,22.50803859,15.00535906,,,
31823,358,93,11.24972504,2.922414606,,,
751,25,5,33.28894807,6.657789614,,,
285,24,3,84.21052632,10.52631579,,,
353,2,6,5.66572238,16.99716714,,,
55372,5254,470,94.8855017,8.488044499,,,
1370,144,2,105.1094891,1.459854015,,,
964,7,19,7.261410788,19.70954357,,,
366,12,4,32.78688525,10.92896175,,,
367,14,2,38.14713896,5.449591281,,,
419,15,1,35.79952267,2.386634845,,,
773,6,18,7.761966365,23.28589909,,,
1273,37,11,29.06520031,8.641005499,,,
3037,90,31,29.63450774,10.20744155,,,
826,32,6,38.7409201,7.263922518,,,
43,0,1,0,23.25581395,,,
1582,46,16,29.07711757,10.11378003,,,
310,1,11,3.225806452,35.48387097,,,
9148,655,183,71.6003498,20.00437254,,,
120,0,3,0,25,,,
844,22,11,26.06635071,13.03317536,,,
183,1,8,5.464480874,43.71584699,,,
517,2,1,3.868471954,1.934235977,,,
1278,32,23,25.03912363,17.99687011,,,
1145,12,10,10.48034934,8.733624454,,,
262,18,12,68.70229008,45.80152672,,,
200,2,10,10,50,,,
530,7,12,13.20754717,22.64150943,,,
3196,78,24,24.40550688,7.509386733,,,
246,5,5,20.32520325,20.32520325,,,
672,5,8,7.44047619,11.9047619,,,
7433,255,46,34.30647114,6.188618324,,,
2613,108,18,41.33180253,6.888633754,,,
3789,125,39,32.99023489,10.29295329,,,
386,8,5,20.7253886,12.95336788,,,
35766,1342,567,37.52166862,15.85304479,,,
2064,113,23,54.74806202,11.14341085,,,
894,9,10,10.06711409,11.18568233,,,
45922,5385,437,117.2640564,9.516136057,,,
1106,60,9,54.24954792,8.137432188,,,
2139,40,64,18.70032726,29.92052361,,,
121,6,1,49.58677686,8.26446281,,,
32082,1125,208,35.06639237,6.483386323,,,
1806,68,10,37.65227021,5.53709856,,,
2363,64,20,27.08421498,8.463817182,,,
604,12,2,19.86754967,3.311258278,,,
1479,60,19,40.56795132,12.84651792,,,
1938,82,42,42.31166151,21.67182663,,,
5554,17,790,3.06085704,142.2398272,,,
441,5,4,11.33786848,9.070294785,,,
42,2,1,47.61904762,23.80952381,,,
3267,26,156,7.958371595,47.75022957,,,
1103,34,18,30.82502267,16.31912965,,,
3935,22,36,5.590851334,9.14866582,,,
1732,60,11,34.64203233,6.351039261,,,
649,8,7,12.32665639,10.78582435,,,
1437,48,18,33.40292276,12.52609603,,,
38072,1014,360,26.63374659,9.455768018,,,
363,2,16,5.509641873,44.07713499,,,
1176,52,20,44.21768707,17.00680272,,,
1536,86,12,55.98958333,7.8125,,,
1998,152,43,76.07607608,21.52152152,,,
260,0,10,0,38.46153846,,,
1200,46,3,38.33333333,2.5,,,
131227,5865,1159,44.6935463,8.832023898,,,
6099,160,32,26.23380882,5.246761764,,,
117774,3415,921,28.99621309,7.820062153,,,
38732,1470,291,37.9531137,7.513167407,,,
356,21,6,58.98876404,16.85393258,,,
179,5,2,27.93296089,11.17318436,,,
1038,88,9,84.77842004,8.670520231,,,
68,0,8,0,117.6470588,,,
2946,65,41,22.06381534,13.91717583,,,
152,0,1,0,6.578947368,,,
304,14,11,46.05263158,36.18421053,,,
1466,260,3,177.3533424,2.04638472,,,
926,6,19,6.479481641,20.51835853,,,
0,0,0,0,0,,,
4457,244,22,54.7453444,4.936055643,,,
1453,31,14,21.33516862,9.63523744,,,
2054,102,51,49.65920156,24.82960078,,,
1525,21,16,13.7704918,10.49180328,,,
4632,198,114,42.74611399,24.61139896,,,
809,3,11,3.708281829,13.59703337,,,
239,30,4,125.5230126,16.73640167,,,
41761,3218,647,77.05754173,15.49292402,,,
1266,780,6,616.1137441,4.739336493,,,
372,9,10,24.19354839,26.88172043,,,
235,29,2,123.4042553,8.510638298,,,
1047,14,5,13.37153773,4.775549188,,,
439,19,3,43.28018223,6.833712984,,,
264,4,3,15.15151515,11.36363636,,,
2093,36,42,17.20019111,20.06688963,,,
620,27,19,43.5483871,30.64516129,,,
1844,115,40,62.36442516,21.69197397,,,
2039,47,57,23.05051496,27.95487984,,,
25111,400,616,15.92927402,24.531082,,,
4758,63,42,13.2408575,8.827238335,,,
4758,63,42,13.2408575,8.827238335,,,
429,1,4,2.331002331,9.324009324,,,
2548,56,40,21.97802198,15.69858713,,,
1954,16,48,8.188331627,24.56499488,,,
75,0,1,0,13.33333333,,,
2064,28,23,13.56589147,11.14341085,,,
337,11,12,32.64094955,35.60830861,,,
2806,179,40,63.79187455,14.2551675,,,
765,9,10,11.76470588,13.07189542,,,
63584,14658,760,230.529693,11.9526925,,,
28216,1328,285,47.06549475,10.10065211,,,
3791,187,28,49.32735426,7.385914007,,,
49568,2287,779,46.13863783,15.71578438,,,
9109,15,101,1.646723021,11.08793501,,,
1337,15,5,11.21914734,3.739715782,,,
284,4,2,14.08450704,7.042253521,,,
752,8,11,10.63829787,14.62765957,,,
719,5,7,6.954102921,9.735744089,,,
0,0,0,0,0,,,
1453,205,5,141.0874054,3.441156228,,,
19835,1564,185,78.85051676,9.326947315,,,
444,38,8,85.58558559,18.01801802,,,
125,0,2,0,16,,,
821,15,22,18.27040195,26.79658952,,,
821,15,22,18.27040195,26.79658952,,,
1556,29,25,18.63753213,16.06683805,,,
1307,21,2,16.06732976,1.530221882,,,
430,44,3,102.3255814,6.976744186,,,
228,5,7,21.92982456,30.70175439,,,
1201,431,18,358.8676103,14.98751041,,,
2111,79,14,37.42302226,6.631927996,,,
3502,22,48,6.2821245,13.70645346,,,
213,5,1,23.4741784,4.694835681,,,
11316,366,161,32.34358431,14.22764228,,,
1647,24,21,14.571949,12.75045537,,,
809,8,10,9.888751545,12.36093943,,,
5218,237,68,45.41970103,13.03181296,,,
290,6,2,20.68965517,6.896551724,,,
8396,273,59,32.51548356,7.027155788,,,
1361,29,40,21.30786187,29.3901543,,,
65,0,1,0,15.38461538,,,
360,2,4,5.555555556,11.11111111,,,
62,1,1,16.12903226,16.12903226,,,
2571,14,88,5.445352003,34.22792688,,,
840,3,21,3.571428571,25,,,
1152,7,35,6.076388889,30.38194444,,,
2910,53,21,18.21305842,7.216494845,,,
394,7,4,17.76649746,10.15228426,,,
1068,64,32,59.92509363,29.96254682,,,
181,0,7,0,38.67403315,,,
75,16,1,213.3333333,13.33333333,,,
2591,180,19,69.47124662,7.333076032,,,
8980,401,184,44.65478842,20.48997773,,,
1353,137,8,101.2564671,5.912786401,,,
2325,102,45,43.87096774,19.35483871,,,
225,0,6,0,26.66666667,,,
8327,215,105,25.81962291,12.60958328,,,
6709,197,34,29.36354151,5.067819347,,,
2943,75,19,25.4841998,6.455997282,,,
8077,291,110,36.0282283,13.61891792,,,
396,18,1,45.45454545,2.525252525,,,
874,18,86,20.59496568,98.39816934,,,
768,13,12,16.92708333,15.625,,,
2178,90,11,41.32231405,5.050505051,,,
2607,75,61,28.76869965,23.39854239,,,
627,9,7,14.35406699,11.16427432,,,
2142,28,39,13.07189542,18.20728291,,,
321,0,8,0,24.92211838,,,
1801,24,19,13.32593004,10.54969461,,,
667,48,2,71.96401799,2.99850075,,,
1335,8,6,5.992509363,4.494382022,,,
32617,1184,259,36.30008891,7.940644449,,,
4483,109,79,24.3140754,17.62212804,,,
20831,761,161,36.53209159,7.728865633,,,
5425,205,36,37.78801843,6.6359447,,,
17171,703,120,40.94112166,6.988527168,,,
683,7,2,10.2489019,2.928257687,,,
405,9,5,22.22222222,12.34567901,,,
4213,113,97,26.82174223,23.02397342,,,
616,30,6,48.7012987,9.74025974,,,
816,14,6,17.15686275,7.352941176,,,
279,10,3,35.84229391,10.75268817,,,
1901,29,24,15.25512888,12.62493425,,,
1676,11,12,6.563245823,7.159904535,,,
197,39,2,197.9695431,10.15228426,,,
257,52,2,202.3346304,7.782101167,,,
35104,6554,100,186.7023701,2.848678213,,,
40139,4681,125,116.6197464,3.114178231,,,
524,21,5,40.07633588,9.541984733,,,
777,12,14,15.44401544,18.01801802,,,
5546,155,102,27.94807068,18.39163361,,,
4435,191,28,43.06651635,6.313416009,,,
142127,8582,1256,60.38261555,8.837166759,,,
145723,477,3398,3.273333654,23.31821332,,,
841,21,18,24.97027348,21.40309156,,,
602,48,1,79.73421927,1.661129568,,,
32409,1267,241,39.09407881,7.436205992,,,
21,3,0,142.8571429,0,,,
8206,382,174,46.55130392,21.20399708,,,
2965,42,46,14.16526138,15.5143339,,,
21526,3265,178,151.6770417,8.269069962,,,
1399,1,75,0.714796283,53.60972123,,,
16438,1438,131,87.48022874,7.969339336,,,
1551,39,12,25.1450677,7.736943907,,,
59829,2293,762,38.32589547,12.73629845,,,
10893,95,175,8.721197099,16.06536308,,,
131,1,4,7.633587786,30.53435115,,,
1521,22,20,14.46416831,13.14924392,,,
1584,35,10,22.0959596,6.313131313,,,
8224,1751,79,212.9134241,9.606031128,,,
186461,4946,1400,26.52565416,7.508272507,,,
256,84,1,328.125,3.90625,,,
1517,40,7,26.36783125,4.614370468,,,
531248,11113,6734,20.91866699,12.67581243,,,
283,2,9,7.067137809,31.80212014,,,
1486,8,16,5.383580081,10.76716016,,,
4430,159,38,35.89164786,8.577878104,,,
4523,201,40,44.43953128,8.843687818,,,
338,3,14,8.875739645,41.42011834,,,
526,4,14,7.604562738,26.61596958,,,
3671,179,26,48.76055571,7.082538818,,,
586,90,12,153.5836177,20.4778157,,,
10227,794,87,77.63762589,8.506893517,,,
110,1,4,9.090909091,36.36363636,,,
1407,0,29,0,20.61122957,,,
3094,53,38,17.12992889,12.28183581,,,
4406,72,48,16.3413527,10.89423513,,,
148,1,1,6.756756757,6.756756757,,,
566,8,5,14.13427562,8.833922261,,,
28,1,0,35.71428571,0,,,
104226,3558,1739,34.13735536,16.68489628,,,
197,0,5,0,25.38071066,,,
431,48,9,111.3689095,20.88167053,,,
2233,118,24,52.84370802,10.74787282,,,
158,16,3,101.2658228,18.98734177,,,
1993,74,6,37.12995484,3.010536879,,,
3265,24,60,7.350689127,18.37672282,,,
472,104,1,220.3389831,2.118644068,,,
6126,102,101,16.6503428,16.48710415,,,
347,0,8,0,23.05475504,,,
783,12,12,15.3256705,15.3256705,,,
330458,4137,1865,12.5189888,5.643682404,,,
276,10,4,36.23188406,14.49275362,,,
272,0,2,0,7.352941176,,,
299,0,5,0,16.72240803,,,
223,3,4,13.4529148,17.93721973,,,
491,4,7,8.146639511,14.25661914,,,
5743,57,40,9.925126241,6.965000871,,,
9317,157,240,16.85091768,25.7593646,,,
7063,259,51,36.66997027,7.220727736,,,
12834,441,62,34.36185133,4.830917874,,,
175,4,3,22.85714286,17.14285714,,,
4662,1154,63,247.5332475,13.51351351,,,
158,6,2,37.97468354,12.65822785,,,
57532,964,2413,16.75589237,41.94187583,,,
346,41,4,118.4971098,11.56069364,,,
328,8,9,24.3902439,27.43902439,,,
193,0,5,0,25.90673575,,,
9135,3633,42,397.7011494,4.597701149,,,
600,17,5,28.33333333,8.333333333,,,
5445,92,62,16.89623508,11.3865932,,,
468,25,3,53.41880342,6.41025641,,,
768,360,6,468.75,7.8125,,,
525,1,6,1.904761905,11.42857143,,,
1303,93,4,71.37375288,3.069838833,,,
4289,55,65,12.82350198,15.1550478,,,
2580,23,56,8.914728682,21.70542636,,,
3523,197,7,55.91825149,1.986942946,,,
735,23,3,31.29251701,4.081632653,,,
832,31,4,37.25961538,4.807692308,,,
680,0,22,0,32.35294118,,,
484,0,1,0,2.066115702,,,
512,36,2,70.3125,3.90625,,,
1908,74,29,38.78406709,15.19916143,,,
122,2,2,16.39344262,16.39344262,,,
35752,834,358,23.3273663,10.01342582,,,
2969,130,30,43.78578646,10.10441226,,,
257,4,5,15.56420233,19.45525292,,,
1079,5,15,4.633920297,13.90176089,,,
712,16,12,22.47191011,16.85393258,,,
4790,7,81,1.461377871,16.91022965,,,
72,2,2,27.77777778,27.77777778,,,
337,3,9,8.902077151,26.70623145,,,
1480,30,25,20.27027027,16.89189189,,,
35233,2094,188,59.432918,5.335906678,,,
378,10,2,26.45502646,5.291005291,,,
973,27,12,27.74922919,12.33299075,,,
452,17,2,37.61061947,4.424778761,,,